{
  "service": {
    "service": "cheapa-prod-images",
    "serviceObject": {
      "name": "cheapa-prod-images"
    },
    "provider": {
      "stage": "prod",
      "variableSyntax": "\\${([ ~:a-zA-Z0-9._@'\",\\-\\/\\(\\)*]+?)}",
      "name": "aws",
      "region": "ap-southeast-2",
      "profile": "cheapa-prod",
      "deploymentBucket": "cheapa-prod-deployment-bucket",
      "runtime": "nodejs8.10",
      "memorySize": 1024,
      "timeout": 60,
      "versionFunctions": false,
      "moduleName": "images",
      "iamRoleStatements": [
        {
          "Effect": "Allow",
          "Action": [
            "lambda:*",
            "dynamodb:*",
            "cloudwatch:*",
            "logs:*",
            "xray:*",
            "s3:*"
          ],
          "Resource": "*"
        }
      ],
      "environment": {
        "IMAGE_BUCKET": "cheapa-prod-images"
      },
      "remoteFunctionData": null,
      "compiledCloudFormationTemplate": {
        "AWSTemplateFormatVersion": "2010-09-09",
        "Description": "The AWS CloudFormation template for this Serverless application",
        "Resources": {
          "ImageUploadLogGroup": {
            "Type": "AWS::Logs::LogGroup",
            "Properties": {
              "LogGroupName": "/aws/lambda/cheapa-prod-images-upload"
            }
          },
          "ImageDeleteLogGroup": {
            "Type": "AWS::Logs::LogGroup",
            "Properties": {
              "LogGroupName": "/aws/lambda/cheapa-prod-images-delete"
            }
          },
          "IamRoleLambdaExecution": {
            "Type": "AWS::IAM::Role",
            "Properties": {
              "AssumeRolePolicyDocument": {
                "Version": "2012-10-17",
                "Statement": [
                  {
                    "Effect": "Allow",
                    "Principal": {
                      "Service": [
                        "lambda.amazonaws.com"
                      ]
                    },
                    "Action": [
                      "sts:AssumeRole"
                    ]
                  }
                ]
              },
              "Policies": [
                {
                  "PolicyName": {
                    "Fn::Join": [
                      "-",
                      [
                        "prod",
                        "cheapa-prod-images",
                        "lambda"
                      ]
                    ]
                  },
                  "PolicyDocument": {
                    "Version": "2012-10-17",
                    "Statement": [
                      {
                        "Effect": "Allow",
                        "Action": [
                          "logs:CreateLogStream"
                        ],
                        "Resource": [
                          {
                            "Fn::Sub": "arn:${AWS::Partition}:logs:${AWS::Region}:${AWS::AccountId}:log-group:/aws/lambda/cheapa-prod-images-prod*:*"
                          },
                          {
                            "Fn::Sub": "arn:${AWS::Partition}:logs:${AWS::Region}:${AWS::AccountId}:log-group:/aws/lambda/cheapa-prod-images-upload:*"
                          },
                          {
                            "Fn::Sub": "arn:${AWS::Partition}:logs:${AWS::Region}:${AWS::AccountId}:log-group:/aws/lambda/cheapa-prod-images-delete:*"
                          }
                        ]
                      },
                      {
                        "Effect": "Allow",
                        "Action": [
                          "logs:PutLogEvents"
                        ],
                        "Resource": [
                          {
                            "Fn::Sub": "arn:${AWS::Partition}:logs:${AWS::Region}:${AWS::AccountId}:log-group:/aws/lambda/cheapa-prod-images-prod*:*:*"
                          },
                          {
                            "Fn::Sub": "arn:${AWS::Partition}:logs:${AWS::Region}:${AWS::AccountId}:log-group:/aws/lambda/cheapa-prod-images-upload:*:*"
                          },
                          {
                            "Fn::Sub": "arn:${AWS::Partition}:logs:${AWS::Region}:${AWS::AccountId}:log-group:/aws/lambda/cheapa-prod-images-delete:*:*"
                          }
                        ]
                      },
                      {
                        "$ref": "$[\"service\"][\"provider\"][\"iamRoleStatements\"][0]"
                      }
                    ]
                  }
                }
              ],
              "Path": "/",
              "RoleName": {
                "Fn::Join": [
                  "-",
                  [
                    "cheapa-prod-images",
                    "prod",
                    {
                      "Ref": "AWS::Region"
                    },
                    "lambdaRole"
                  ]
                ]
              }
            }
          },
          "ImageUploadLambdaFunction": {
            "Type": "AWS::Lambda::Function",
            "Properties": {
              "Code": {
                "S3Bucket": "cheapa-prod-deployment-bucket",
                "S3Key": "serverless/cheapa-prod-images/prod/1562168321741-2019-07-03T15:38:41.741Z/imageUpload.zip"
              },
              "FunctionName": "cheapa-prod-images-upload",
              "Handler": "upload.handler",
              "MemorySize": 1024,
              "Role": {
                "Fn::GetAtt": [
                  "IamRoleLambdaExecution",
                  "Arn"
                ]
              },
              "Runtime": "nodejs8.10",
              "Timeout": 60,
              "Environment": {
                "Variables": {
                  "IMAGE_BUCKET": "cheapa-prod-images"
                }
              }
            },
            "DependsOn": [
              "ImageUploadLogGroup",
              "IamRoleLambdaExecution"
            ]
          },
          "ImageDeleteLambdaFunction": {
            "Type": "AWS::Lambda::Function",
            "Properties": {
              "Code": {
                "S3Bucket": "cheapa-prod-deployment-bucket",
                "S3Key": "serverless/cheapa-prod-images/prod/1562168321741-2019-07-03T15:38:41.741Z/imageDelete.zip"
              },
              "FunctionName": "cheapa-prod-images-delete",
              "Handler": "delete.handler",
              "MemorySize": 1024,
              "Role": {
                "Fn::GetAtt": [
                  "IamRoleLambdaExecution",
                  "Arn"
                ]
              },
              "Runtime": "nodejs8.10",
              "Timeout": 60,
              "Environment": {
                "Variables": {
                  "IMAGE_BUCKET": "cheapa-prod-images"
                }
              }
            },
            "DependsOn": [
              "ImageDeleteLogGroup",
              "IamRoleLambdaExecution"
            ]
          },
          "bucket": {
            "Type": "AWS::S3::Bucket",
            "Properties": {
              "BucketName": "cheapa-prod-images"
            }
          },
          "cloudfrontdistribution": {
            "Type": "AWS::CloudFront::Distribution",
            "Properties": {
              "DistributionConfig": {
                "DefaultCacheBehavior": {
                  "TargetOriginId": "cheapa-prod-images",
                  "ViewerProtocolPolicy": "redirect-to-https",
                  "MinTTL": 86400,
                  "ForwardedValues": {
                    "QueryString": false
                  }
                },
                "Enabled": true,
                "Origins": [
                  {
                    "DomainName": {
                      "Fn::GetAtt": [
                        "bucket",
                        "DomainName"
                      ]
                    },
                    "Id": "cheapa-prod-images",
                    "S3OriginConfig": {
                      "OriginAccessIdentity": {
                        "Fn::Join": [
                          "",
                          [
                            "origin-access-identity/cloudfront/",
                            {
                              "Ref": "cloudfrontoriginaccessidentity"
                            }
                          ]
                        ]
                      }
                    }
                  }
                ]
              }
            }
          },
          "cloudfrontoriginaccessidentity": {
            "Type": "AWS::CloudFront::CloudFrontOriginAccessIdentity",
            "Properties": {
              "CloudFrontOriginAccessIdentityConfig": {
                "Comment": "cheapa-prod-images"
              }
            }
          }
        },
        "Outputs": {
          "ServerlessDeploymentBucketName": {
            "Value": "cheapa-prod-deployment-bucket"
          },
          "bucketName": {
            "Value": {
              "Ref": "bucket"
            }
          },
          "cloudfrontdistributionDomainName": {
            "Value": {
              "Fn::GetAtt": [
                "cloudfrontdistribution",
                "DomainName"
              ]
            }
          },
          "cloudfrontdistributionId": {
            "Value": {
              "Ref": "cloudfrontdistribution"
            }
          },
          "imageUploadFunctionArn": {
            "Value": {
              "Fn::GetAtt": [
                "ImageUploadLambdaFunction",
                "Arn"
              ]
            }
          },
          "imageDeleteFunctionArn": {
            "Value": {
              "Fn::GetAtt": [
                "ImageDeleteLambdaFunction",
                "Arn"
              ]
            }
          }
        }
      },
      "vpc": {}
    },
    "custom": {
      "webpack": "../../../webpack.config.js"
    },
    "plugins": [
      "serverless-webpack",
      "serverless-offline"
    ],
    "pluginsData": {},
    "functions": {
      "imageUpload": {
        "name": "cheapa-prod-images-upload",
        "handler": "upload.handler",
        "events": [],
        "package": {
          "artifact": ".serverless/imageUpload.zip"
        },
        "memory": 1024,
        "timeout": 60,
        "runtime": "nodejs8.10",
        "vpc": {}
      },
      "imageDelete": {
        "name": "cheapa-prod-images-delete",
        "handler": "delete.handler",
        "events": [],
        "package": {
          "artifact": ".serverless/imageDelete.zip"
        },
        "memory": 1024,
        "timeout": 60,
        "runtime": "nodejs8.10",
        "vpc": {}
      }
    },
    "resources": {
      "Resources": {
        "bucket": {
          "Type": "AWS::S3::Bucket",
          "Properties": {
            "BucketName": "cheapa-prod-images"
          }
        },
        "cloudfrontdistribution": {
          "Type": "AWS::CloudFront::Distribution",
          "Properties": {
            "DistributionConfig": {
              "DefaultCacheBehavior": {
                "TargetOriginId": "cheapa-prod-images",
                "ViewerProtocolPolicy": "redirect-to-https",
                "MinTTL": 86400,
                "ForwardedValues": {
                  "QueryString": false
                }
              },
              "Enabled": true,
              "Origins": [
                {
                  "DomainName": {
                    "Fn::GetAtt": [
                      "bucket",
                      "DomainName"
                    ]
                  },
                  "Id": "cheapa-prod-images",
                  "S3OriginConfig": {
                    "OriginAccessIdentity": {
                      "Fn::Join": [
                        "",
                        [
                          "origin-access-identity/cloudfront/",
                          {
                            "Ref": "cloudfrontoriginaccessidentity"
                          }
                        ]
                      ]
                    }
                  }
                }
              ]
            }
          }
        },
        "cloudfrontoriginaccessidentity": {
          "Type": "AWS::CloudFront::CloudFrontOriginAccessIdentity",
          "Properties": {
            "CloudFrontOriginAccessIdentityConfig": {
              "Comment": "cheapa-prod-images"
            }
          }
        }
      },
      "Outputs": {
        "bucketName": {
          "Value": {
            "Ref": "bucket"
          }
        },
        "cloudfrontdistributionDomainName": {
          "Value": {
            "Fn::GetAtt": [
              "cloudfrontdistribution",
              "DomainName"
            ]
          }
        },
        "cloudfrontdistributionId": {
          "Value": {
            "Ref": "cloudfrontdistribution"
          }
        },
        "imageUploadFunctionArn": {
          "Value": {
            "Fn::GetAtt": [
              "ImageUploadLambdaFunction",
              "Arn"
            ]
          }
        },
        "imageDeleteFunctionArn": {
          "Value": {
            "Fn::GetAtt": [
              "ImageDeleteLambdaFunction",
              "Arn"
            ]
          }
        }
      }
    },
    "serviceFilename": "serverless.yml",
    "layers": {}
  },
  "package": {
    "individually": true,
    "artifactDirectoryName": "serverless/cheapa-prod-images/prod/1562168321741-2019-07-03T15:38:41.741Z",
    "artifact": ""
  }
}