{
  "AWSTemplateFormatVersion": "2010-09-09",
  "Description": "The AWS CloudFormation template for this Serverless application",
  "Resources": {
    "ServerlessDeploymentBucket": {
      "Type": "AWS::S3::Bucket",
      "Properties": {
        "BucketEncryption": {
          "ServerSideEncryptionConfiguration": [
            {
              "ServerSideEncryptionByDefault": {
                "SSEAlgorithm": "AES256"
              }
            }
          ]
        }
      }
    },
    "SendLogGroup": {
      "Type": "AWS::Logs::LogGroup",
      "Properties": {
        "LogGroupName": "/aws/lambda/cheapa-dev-ses-send"
      }
    },
    "RenderTemplateLogGroup": {
      "Type": "AWS::Logs::LogGroup",
      "Properties": {
        "LogGroupName": "/aws/lambda/cheapa-dev-ses-renderTemplate"
      }
    },
    "ReceiverLogGroup": {
      "Type": "AWS::Logs::LogGroup",
      "Properties": {
        "LogGroupName": "/aws/lambda/cheapa-dev-ses-receiver-sns"
      }
    },
    "IamRoleLambdaExecution": {
      "Type": "AWS::IAM::Role",
      "Properties": {
        "AssumeRolePolicyDocument": {
          "Version": "2012-10-17",
          "Statement": [
            {
              "Effect": "Allow",
              "Principal": {
                "Service": [
                  "lambda.amazonaws.com"
                ]
              },
              "Action": [
                "sts:AssumeRole"
              ]
            }
          ]
        },
        "Policies": [
          {
            "PolicyName": {
              "Fn::Join": [
                "-",
                [
                  "dev",
                  "cheapa-dev-ses",
                  "lambda"
                ]
              ]
            },
            "PolicyDocument": {
              "Version": "2012-10-17",
              "Statement": [
                {
                  "Effect": "Allow",
                  "Action": [
                    "logs:CreateLogStream"
                  ],
                  "Resource": [
                    {
                      "Fn::Sub": "arn:${AWS::Partition}:logs:${AWS::Region}:${AWS::AccountId}:log-group:/aws/lambda/cheapa-dev-ses-send:*"
                    },
                    {
                      "Fn::Sub": "arn:${AWS::Partition}:logs:${AWS::Region}:${AWS::AccountId}:log-group:/aws/lambda/cheapa-dev-ses-renderTemplate:*"
                    },
                    {
                      "Fn::Sub": "arn:${AWS::Partition}:logs:${AWS::Region}:${AWS::AccountId}:log-group:/aws/lambda/cheapa-dev-ses-receiver-sns:*"
                    }
                  ]
                },
                {
                  "Effect": "Allow",
                  "Action": [
                    "logs:PutLogEvents"
                  ],
                  "Resource": [
                    {
                      "Fn::Sub": "arn:${AWS::Partition}:logs:${AWS::Region}:${AWS::AccountId}:log-group:/aws/lambda/cheapa-dev-ses-send:*:*"
                    },
                    {
                      "Fn::Sub": "arn:${AWS::Partition}:logs:${AWS::Region}:${AWS::AccountId}:log-group:/aws/lambda/cheapa-dev-ses-renderTemplate:*:*"
                    },
                    {
                      "Fn::Sub": "arn:${AWS::Partition}:logs:${AWS::Region}:${AWS::AccountId}:log-group:/aws/lambda/cheapa-dev-ses-receiver-sns:*:*"
                    }
                  ]
                },
                {
                  "Effect": "Allow",
                  "Action": [
                    "lambda:*",
                    "cloudwatch:*",
                    "logs:*",
                    "ses:*"
                  ],
                  "Resource": "*"
                }
              ]
            }
          }
        ],
        "Path": "/",
        "RoleName": {
          "Fn::Join": [
            "-",
            [
              "cheapa-dev-ses",
              "dev",
              {
                "Ref": "AWS::Region"
              },
              "lambdaRole"
            ]
          ]
        }
      }
    },
    "SendLambdaFunction": {
      "Type": "AWS::Lambda::Function",
      "Properties": {
        "Code": {
          "S3Bucket": {
            "Ref": "ServerlessDeploymentBucket"
          },
          "S3Key": "serverless/cheapa-dev-ses/dev/1568214263271-2019-09-11T15:04:23.271Z/send.zip"
        },
        "FunctionName": "cheapa-dev-ses-send",
        "Handler": "send.handler",
        "MemorySize": 256,
        "Role": {
          "Fn::GetAtt": [
            "IamRoleLambdaExecution",
            "Arn"
          ]
        },
        "Runtime": "nodejs8.10",
        "Timeout": 10,
        "Environment": {
          "Variables": {
            "INFO_EMAIL": "info@cheapacarrental.com",
            "RECEIVER_EMAIL": "51lifeau@gmail.com"
          }
        }
      },
      "DependsOn": [
        "SendLogGroup",
        "IamRoleLambdaExecution"
      ]
    },
    "RenderTemplateLambdaFunction": {
      "Type": "AWS::Lambda::Function",
      "Properties": {
        "Code": {
          "S3Bucket": {
            "Ref": "ServerlessDeploymentBucket"
          },
          "S3Key": "serverless/cheapa-dev-ses/dev/1568214263271-2019-09-11T15:04:23.271Z/renderTemplate.zip"
        },
        "FunctionName": "cheapa-dev-ses-renderTemplate",
        "Handler": "renderTemplate.handler",
        "MemorySize": 256,
        "Role": {
          "Fn::GetAtt": [
            "IamRoleLambdaExecution",
            "Arn"
          ]
        },
        "Runtime": "nodejs8.10",
        "Timeout": 10,
        "Environment": {
          "Variables": {
            "INFO_EMAIL": "info@cheapacarrental.com",
            "RECEIVER_EMAIL": "51lifeau@gmail.com"
          }
        }
      },
      "DependsOn": [
        "RenderTemplateLogGroup",
        "IamRoleLambdaExecution"
      ]
    },
    "ReceiverLambdaFunction": {
      "Type": "AWS::Lambda::Function",
      "Properties": {
        "Code": {
          "S3Bucket": {
            "Ref": "ServerlessDeploymentBucket"
          },
          "S3Key": "serverless/cheapa-dev-ses/dev/1568214263271-2019-09-11T15:04:23.271Z/receiver.zip"
        },
        "FunctionName": "cheapa-dev-ses-receiver-sns",
        "Handler": "receiver.handler",
        "MemorySize": 256,
        "Role": {
          "Fn::GetAtt": [
            "IamRoleLambdaExecution",
            "Arn"
          ]
        },
        "Runtime": "nodejs8.10",
        "Timeout": 10,
        "Environment": {
          "Variables": {
            "INFO_EMAIL": "info@cheapacarrental.com",
            "RECEIVER_EMAIL": "51lifeau@gmail.com"
          }
        }
      },
      "DependsOn": [
        "ReceiverLogGroup",
        "IamRoleLambdaExecution"
      ]
    },
    "receiptRuleSet": {
      "Type": "AWS::SES::ReceiptRuleSet",
      "Properties": {
        "RuleSetName": "cheapa-dev-ses-receiptRuleSet"
      }
    },
    "receiptRule": {
      "Type": "AWS::SES::ReceiptRule",
      "Properties": {
        "RuleSetName": "cheapa-dev-ses-receiptRuleSet",
        "Rule": {
          "ScanEnabled": true,
          "Actions": [
            {
              "SNSAction": {
                "TopicArn": {
                  "Ref": "receiptSns"
                },
                "Encoding": "UTF-8"
              }
            }
          ],
          "Enabled": true,
          "Name": "cheapa-dev-ses-receiptRule"
        }
      }
    },
    "receiptSns": {
      "Type": "AWS::SNS::Topic",
      "Properties": {
        "TopicName": "cheapa-dev-ses-receiptSns",
        "Subscription": [
          {
            "Endpoint": {
              "Fn::GetAtt": [
                "ReceiverLambdaFunction",
                "Arn"
              ]
            },
            "Protocol": "lambda"
          }
        ]
      }
    },
    "receiverPermission": {
      "Type": "AWS::Lambda::Permission",
      "Properties": {
        "FunctionName": {
          "Fn::GetAtt": [
            "ReceiverLambdaFunction",
            "Arn"
          ]
        },
        "Action": "lambda:InvokeFunction",
        "Principal": "sns.amazonaws.com",
        "SourceArn": {
          "Ref": "receiptSns"
        }
      }
    },
    "createUserEmailTemplate": {
      "Type": "AWS::SES::Template",
      "Properties": {
        "Template": {
          "TemplateName": "createUser",
          "SubjectPart": "Welcome to Cheapa Car Rental",
          "HtmlPart": "<!DOCTYPE html PUBLIC \"-//W3C//DTD XHTML 1.0 Transitional//EN\" \"http://www.w3.org/TR/xhtml1/DTD/xhtml1-transitional.dtd\">\n<html xmlns=\"http://www.w3.org/1999/xhtml\" style=\"font-family: 'Helvetica Neue', Helvetica, Arial, sans-serif; box-sizing: border-box; font-size: 14px; margin: 0;\">\n<head>\n    <meta name=\"viewport\" content=\"width=device-width\"/>\n    <meta http-equiv=\"Content-Type\" content=\"text/html; charset=UTF-8\"/>\n    <title>Cheapa Car Rental</title>\n\n\n    <style type=\"text/css\">\n        img {\n            max-width: 100%;\n        }\n\n        body {\n            -webkit-font-smoothing: antialiased;\n            -webkit-text-size-adjust: none;\n            width: 100% !important;\n            height: 100%;\n            line-height: 1.6em;\n        }\n\n        body {\n            background-color: #f6f6f6;\n        }\n\n        @media only screen and (max-width: 640px) {\n            body {\n                padding: 0 !important;\n            }\n\n            h1 {\n                font-weight: 800 !important;\n                margin: 20px 0 5px !important;\n            }\n\n            h2 {\n                font-weight: 800 !important;\n                margin: 20px 0 5px !important;\n            }\n\n            h3 {\n                font-weight: 800 !important;\n                margin: 20px 0 5px !important;\n            }\n\n            h4 {\n                font-weight: 800 !important;\n                margin: 20px 0 5px !important;\n            }\n\n            h1 {\n                font-size: 22px !important;\n            }\n\n            h2 {\n                font-size: 18px !important;\n            }\n\n            h3 {\n                font-size: 16px !important;\n            }\n\n            .container {\n                padding: 0 !important;\n                width: 100% !important;\n            }\n\n            .content {\n                padding: 0 !important;\n            }\n\n            .content-wrap {\n                padding: 10px !important;\n            }\n\n            .invoice {\n                width: 100% !important;\n            }\n        }\n    </style>\n</head>\n\n<body itemscope itemtype=\"http://schema.org/EmailMessage\" style=\"font-family: 'Helvetica Neue',Helvetica,Arial,sans-serif; box-sizing: border-box; font-size: 14px; -webkit-font-smoothing: antialiased; -webkit-text-size-adjust: none; width: 100% !important; height: 100%; line-height: 1.6em; background-color: #f6f6f6; margin: 0;\" bgcolor=\"#f6f6f6\">\n\n<table class=\"body-wrap\" style=\"font-family: 'Helvetica Neue',Helvetica,Arial,sans-serif; box-sizing: border-box; font-size: 14px; width: 100%; background-color: #f6f6f6; margin: 0;\" bgcolor=\"#f6f6f6\">\n    <tr style=\"font-family: 'Helvetica Neue',Helvetica,Arial,sans-serif; box-sizing: border-box; font-size: 14px; margin: 0;\">\n        <td style=\"font-family: 'Helvetica Neue',Helvetica,Arial,sans-serif; box-sizing: border-box; font-size: 14px; vertical-align: top; margin: 0;\" valign=\"top\"></td>\n        <td class=\"container\" width=\"600\" style=\"font-family: 'Helvetica Neue',Helvetica,Arial,sans-serif; box-sizing: border-box; font-size: 14px; vertical-align: top; display: block !important; max-width: 600px !important; clear: both !important; margin: 0 auto;\" valign=\"top\">\n            <div class=\"content\" style=\"font-family: 'Helvetica Neue',Helvetica,Arial,sans-serif; box-sizing: border-box; font-size: 14px; max-width: 600px; display: block; margin: 0 auto; padding: 20px;\">\n                <table class=\"main\" width=\"100%\" cellpadding=\"0\" cellspacing=\"0\" itemprop=\"action\" itemscope itemtype=\"http://schema.org/ConfirmAction\" style=\"font-family: 'Helvetica Neue',Helvetica,Arial,sans-serif; box-sizing: border-box; font-size: 14px; border-radius: 3px; background-color: #fff; margin: 0; border: 1px solid #e9e9e9;\" bgcolor=\"#fff\">\n                    <tr style=\"font-family: 'Helvetica Neue',Helvetica,Arial,sans-serif; box-sizing: border-box; font-size: 14px; margin: 0;\">\n                        <td class=\"content-wrap\" style=\"font-family: 'Helvetica Neue',Helvetica,Arial,sans-serif; box-sizing: border-box; font-size: 14px; vertical-align: top; margin: 0; padding: 20px;\" valign=\"top\">\n                            <meta itemprop=\"name\" content=\"Confirm Email\" style=\"font-family: 'Helvetica Neue',Helvetica,Arial,sans-serif; box-sizing: border-box; font-size: 14px; margin: 0;\"/>\n                            <table width=\"100%\" cellpadding=\"0\" cellspacing=\"0\" style=\"font-family: 'Helvetica Neue',Helvetica,Arial,sans-serif; box-sizing: border-box; font-size: 14px; margin: 0;\">\n                                <tr style=\"font-family: 'Helvetica Neue',Helvetica,Arial,sans-serif; box-sizing: border-box; font-size: 14px; margin: 0;\">\n                                    <td class=\"content-block\" style=\"font-weight:500; font-family: 'Helvetica Neue',Helvetica,Arial,sans-serif; box-sizing: border-box; font-size: 14px; vertical-align: top; margin: 0; padding: 0 0 20px;\" valign=\"top\">\n                                        Dear Customer,\n                                    </td>\n                                </tr>\n                                <tr style=\"font-family: 'Helvetica Neue',Helvetica,Arial,sans-serif; box-sizing: border-box; font-size: 14px; margin: 0;\">\n                                    <td class=\"content-block\" style=\"font-family: 'Helvetica Neue',Helvetica,Arial,sans-serif; box-sizing: border-box; font-size: 14px; vertical-align: top; margin: 0; padding: 0 0 20px;\" valign=\"top\">\n                                        Thanks for joining Cheapa Car Rental. Please click the button below to activate your account and set your account password.\n                                    </td>\n                                </tr>\n                                <tr style=\"font-family: 'Helvetica Neue',Helvetica,Arial,sans-serif; box-sizing: border-box; font-size: 14px; margin: 0;\">\n                                    <td class=\"content-block\" itemprop=\"handler\" itemscope itemtype=\"http://schema.org/HttpActionHandler\" style=\"font-family: 'Helvetica Neue',Helvetica,Arial,sans-serif; box-sizing: border-box; font-size: 14px; vertical-align: top; margin: 0; padding: 0 0 20px;\" valign=\"top\">\n                                        <a href=\"{{confirmUrl}}\" class=\"btn-primary\" itemprop=\"url\" style=\"font-family: 'Helvetica Neue',Helvetica,Arial,sans-serif; box-sizing: border-box; font-size: 14px; color: #FFF; text-decoration: none; line-height: 2em; font-weight: bold; text-align: center; cursor: pointer; display: inline-block; border-radius: 5px; text-transform: capitalize; background-color: #348eda; margin: 0; border-color: #348eda; border-style: solid; border-width: 5px 10px;\">Activate account</a>\n                                    </td>\n                                </tr>\n                                <tr style=\"font-family: 'Helvetica Neue',Helvetica,Arial,sans-serif; box-sizing: border-box; font-size: 14px; margin: 0;\">\n                                    <td class=\"content-block\" style=\"font-family: 'Helvetica Neue',Helvetica,Arial,sans-serif; box-sizing: border-box; font-size: 14px; vertical-align: top; margin: 0; padding: 0 0 20px;\" valign=\"top\">\n                                        We provide advanced technology as well as cheap price when you rent car, and keeping your rental experience as simple as possible.\n                                    </td>\n                                </tr>\n                                <tr style=\"font-family: 'Helvetica Neue',Helvetica,Arial,sans-serif; box-sizing: border-box; font-size: 14px; margin: 0;\">\n                                    <td class=\"content-block\" style=\"font-family: 'Helvetica Neue',Helvetica,Arial,sans-serif; box-sizing: border-box; font-size: 14px; vertical-align: top; margin: 0; padding: 0 0 20px;\" valign=\"top\">\n                                        For any further enquiry, please visit cheapacarrental.com or call the Customer Centre (1300 853 150) between 9:00am-5:30pm Monday to Friday.\n                                    </td>\n                                </tr>\n                                <tr style=\"font-family: 'Helvetica Neue',Helvetica,Arial,sans-serif; box-sizing: border-box; font-size: 14px; margin: 0;\">\n                                    <td class=\"content-block\" style=\"font-family: 'Helvetica Neue',Helvetica,Arial,sans-serif; box-sizing: border-box; font-size: 14px; vertical-align: top; margin: 0; padding: 0 0 20px;\" valign=\"top\">\n                                        Your faithfully<br/>\n                                        The Team at Cheapa Car Rental\n                                    </td>\n                                </tr>\n                            </table>\n                        </td>\n                    </tr>\n                </table>\n                <div class=\"footer\" style=\"font-family: 'Helvetica Neue',Helvetica,Arial,sans-serif; box-sizing: border-box; font-size: 14px; width: 100%; clear: both; color: #999; margin: 0; padding: 20px;\">\n                    <table width=\"100%\" style=\"font-family: 'Helvetica Neue',Helvetica,Arial,sans-serif; box-sizing: border-box; font-size: 14px; margin: 0;\">\n                        <tr style=\"font-family: 'Helvetica Neue',Helvetica,Arial,sans-serif; box-sizing: border-box; font-size: 14px; margin: 0;\">\n                            <td class=\"aligncenter content-block\" style=\"font-family: 'Helvetica Neue',Helvetica,Arial,sans-serif; box-sizing: border-box; font-size: 12px; vertical-align: top; color: #999; text-align: center; margin: 0; padding: 0 0 20px;\" align=\"center\" valign=\"top\"></td>\n                        </tr>\n                    </table>\n                </div>\n            </div>\n        </td>\n        <td style=\"font-family: 'Helvetica Neue',Helvetica,Arial,sans-serif; box-sizing: border-box; font-size: 14px; vertical-align: top; margin: 0;\" valign=\"top\"></td>\n    </tr>\n</table>\n</body>\n</html>"
        }
      }
    },
    "fogotPasswordEmailTemplate": {
      "Type": "AWS::SES::Template",
      "Properties": {
        "Template": {
          "TemplateName": "forgotPassword",
          "SubjectPart": "Reset Password from Cheapa Car Rental",
          "HtmlPart": "<!DOCTYPE html PUBLIC \"-//W3C//DTD XHTML 1.0 Transitional//EN\" \"http://www.w3.org/TR/xhtml1/DTD/xhtml1-transitional.dtd\">\n<html xmlns=\"http://www.w3.org/1999/xhtml\" style=\"font-family: 'Helvetica Neue', Helvetica, Arial, sans-serif; box-sizing: border-box; font-size: 14px; margin: 0;\">\n<head>\n    <meta name=\"viewport\" content=\"width=device-width\"/>\n    <meta http-equiv=\"Content-Type\" content=\"text/html; charset=UTF-8\"/>\n    <title>Cheapa Car Rental</title>\n\n\n    <style type=\"text/css\">\n        img {\n            max-width: 100%;\n        }\n\n        body {\n            -webkit-font-smoothing: antialiased;\n            -webkit-text-size-adjust: none;\n            width: 100% !important;\n            height: 100%;\n            line-height: 1.6em;\n        }\n\n        body {\n            background-color: #f6f6f6;\n        }\n\n        @media only screen and (max-width: 640px) {\n            body {\n                padding: 0 !important;\n            }\n\n            h1 {\n                font-weight: 800 !important;\n                margin: 20px 0 5px !important;\n            }\n\n            h2 {\n                font-weight: 800 !important;\n                margin: 20px 0 5px !important;\n            }\n\n            h3 {\n                font-weight: 800 !important;\n                margin: 20px 0 5px !important;\n            }\n\n            h4 {\n                font-weight: 800 !important;\n                margin: 20px 0 5px !important;\n            }\n\n            h1 {\n                font-size: 22px !important;\n            }\n\n            h2 {\n                font-size: 18px !important;\n            }\n\n            h3 {\n                font-size: 16px !important;\n            }\n\n            .container {\n                padding: 0 !important;\n                width: 100% !important;\n            }\n\n            .content {\n                padding: 0 !important;\n            }\n\n            .content-wrap {\n                padding: 10px !important;\n            }\n\n            .invoice {\n                width: 100% !important;\n            }\n        }\n    </style>\n</head>\n\n<body itemscope itemtype=\"http://schema.org/EmailMessage\" style=\"font-family: 'Helvetica Neue',Helvetica,Arial,sans-serif; box-sizing: border-box; font-size: 14px; -webkit-font-smoothing: antialiased; -webkit-text-size-adjust: none; width: 100% !important; height: 100%; line-height: 1.6em; background-color: #f6f6f6; margin: 0;\" bgcolor=\"#f6f6f6\">\n\n<table class=\"body-wrap\" style=\"font-family: 'Helvetica Neue',Helvetica,Arial,sans-serif; box-sizing: border-box; font-size: 14px; width: 100%; background-color: #f6f6f6; margin: 0;\" bgcolor=\"#f6f6f6\">\n    <tr style=\"font-family: 'Helvetica Neue',Helvetica,Arial,sans-serif; box-sizing: border-box; font-size: 14px; margin: 0;\">\n        <td style=\"font-family: 'Helvetica Neue',Helvetica,Arial,sans-serif; box-sizing: border-box; font-size: 14px; vertical-align: top; margin: 0;\" valign=\"top\"></td>\n        <td class=\"container\" width=\"600\" style=\"font-family: 'Helvetica Neue',Helvetica,Arial,sans-serif; box-sizing: border-box; font-size: 14px; vertical-align: top; display: block !important; max-width: 600px !important; clear: both !important; margin: 0 auto;\" valign=\"top\">\n            <div class=\"content\" style=\"font-family: 'Helvetica Neue',Helvetica,Arial,sans-serif; box-sizing: border-box; font-size: 14px; max-width: 600px; display: block; margin: 0 auto; padding: 20px;\">\n                <table class=\"main\" width=\"100%\" cellpadding=\"0\" cellspacing=\"0\" itemprop=\"action\" itemscope itemtype=\"http://schema.org/ConfirmAction\" style=\"font-family: 'Helvetica Neue',Helvetica,Arial,sans-serif; box-sizing: border-box; font-size: 14px; border-radius: 3px; background-color: #fff; margin: 0; border: 1px solid #e9e9e9;\" bgcolor=\"#fff\">\n                    <tr style=\"font-family: 'Helvetica Neue',Helvetica,Arial,sans-serif; box-sizing: border-box; font-size: 14px; margin: 0;\">\n                        <td class=\"content-wrap\" style=\"font-family: 'Helvetica Neue',Helvetica,Arial,sans-serif; box-sizing: border-box; font-size: 14px; vertical-align: top; margin: 0; padding: 20px;\" valign=\"top\">\n                            <meta itemprop=\"name\" content=\"Confirm Email\" style=\"font-family: 'Helvetica Neue',Helvetica,Arial,sans-serif; box-sizing: border-box; font-size: 14px; margin: 0;\"/>\n                            <table width=\"100%\" cellpadding=\"0\" cellspacing=\"0\" style=\"font-family: 'Helvetica Neue',Helvetica,Arial,sans-serif; box-sizing: border-box; font-size: 14px; margin: 0;\">\n                                <tr style=\"font-family: 'Helvetica Neue',Helvetica,Arial,sans-serif; box-sizing: border-box; font-size: 14px; margin: 0;\">\n                                    <td class=\"content-block\" style=\"font-family: 'Helvetica Neue',Helvetica,Arial,sans-serif; box-sizing: border-box; font-size: 14px; vertical-align: top; margin: 0; padding: 0 0 20px;\" valign=\"top\">\n                                        Dear Customer,\n                                    </td>\n                                </tr>\n                                <tr style=\"font-family: 'Helvetica Neue',Helvetica,Arial,sans-serif; box-sizing: border-box; font-size: 14px; margin: 0;\">\n                                    <td class=\"content-block\" style=\"font-family: 'Helvetica Neue',Helvetica,Arial,sans-serif; box-sizing: border-box; font-size: 14px; vertical-align: top; margin: 0; padding: 0 0 20px;\" valign=\"top\">\n                                        We've received your request for reset password. Please click the button below to reset your new password.\n                                    </td>\n                                </tr>\n                                <tr style=\"font-family: 'Helvetica Neue',Helvetica,Arial,sans-serif; box-sizing: border-box; font-size: 14px; margin: 0;\">\n                                    <td class=\"content-block\" itemprop=\"handler\" itemscope itemtype=\"http://schema.org/HttpActionHandler\" style=\"font-family: 'Helvetica Neue',Helvetica,Arial,sans-serif; box-sizing: border-box; font-size: 14px; vertical-align: top; margin: 0; padding: 0 0 20px;\" valign=\"top\">\n                                        <a href=\"{{confirmUrl}}\" class=\"btn-primary\" itemprop=\"url\" style=\"font-family: 'Helvetica Neue',Helvetica,Arial,sans-serif; box-sizing: border-box; font-size: 14px; color: #FFF; text-decoration: none; line-height: 2em; font-weight: bold; text-align: center; cursor: pointer; display: inline-block; border-radius: 5px; text-transform: capitalize; background-color: #348eda; margin: 0; border-color: #348eda; border-style: solid; border-width: 10px 20px;\">Reset Password</a>\n                                    </td>\n                                </tr>\n                            </table>\n                        </td>\n                    </tr>\n                </table>\n                <div class=\"footer\" style=\"font-family: 'Helvetica Neue',Helvetica,Arial,sans-serif; box-sizing: border-box; font-size: 14px; width: 100%; clear: both; color: #999; margin: 0; padding: 20px;\">\n                    <table width=\"100%\" style=\"font-family: 'Helvetica Neue',Helvetica,Arial,sans-serif; box-sizing: border-box; font-size: 14px; margin: 0;\">\n                        <tr style=\"font-family: 'Helvetica Neue',Helvetica,Arial,sans-serif; box-sizing: border-box; font-size: 14px; margin: 0;\">\n                            <td class=\"aligncenter content-block\" style=\"font-family: 'Helvetica Neue',Helvetica,Arial,sans-serif; box-sizing: border-box; font-size: 12px; vertical-align: top; color: #999; text-align: center; margin: 0; padding: 0 0 20px;\" align=\"center\" valign=\"top\"></td>\n                        </tr>\n                    </table>\n                </div>\n            </div>\n        </td>\n        <td style=\"font-family: 'Helvetica Neue',Helvetica,Arial,sans-serif; box-sizing: border-box; font-size: 14px; vertical-align: top; margin: 0;\" valign=\"top\"></td>\n    </tr>\n</table>\n</body>\n</html>"
        }
      }
    },
    "orderConfirmEmailTemplate": {
      "Type": "AWS::SES::Template",
      "Properties": {
        "Template": {
          "TemplateName": "orderConfirm",
          "SubjectPart": "Thanks for your reservation",
          "HtmlPart": "<!DOCTYPE html PUBLIC \"-//W3C//DTD XHTML 1.0 Transitional//EN\" \"http://www.w3.org/TR/xhtml1/DTD/xhtml1-transitional.dtd\">\n<html xmlns=\"http://www.w3.org/1999/xhtml\" style=\"font-family: 'Helvetica Neue', Helvetica, Arial, sans-serif; box-sizing: border-box; font-size: 14px; margin: 0;\">\n<head>\n    <meta name=\"viewport\" content=\"width=device-width\"/>\n    <meta http-equiv=\"Content-Type\" content=\"text/html; charset=UTF-8\"/>\n    <title>Cheapa Car Rental</title>\n\n\n    <style type=\"text/css\">\n        img {\n            max-width: 100%;\n        }\n\n        body {\n            -webkit-font-smoothing: antialiased;\n            -webkit-text-size-adjust: none;\n            width: 100% !important;\n            height: 100%;\n            line-height: 1.6em;\n        }\n\n        body {\n            background-color: #f6f6f6;\n        }\n\n        @media only screen and (max-width: 640px) {\n            body {\n                padding: 0 !important;\n            }\n\n            h1 {\n                font-weight: 800 !important;\n                margin: 20px 0 5px !important;\n            }\n\n            h2 {\n                font-weight: 800 !important;\n                margin: 20px 0 5px !important;\n            }\n\n            h3 {\n                font-weight: 800 !important;\n                margin: 20px 0 5px !important;\n            }\n\n            h4 {\n                font-weight: 800 !important;\n                margin: 20px 0 5px !important;\n            }\n\n            h1 {\n                font-size: 22px !important;\n            }\n\n            h2 {\n                font-size: 18px !important;\n            }\n\n            h3 {\n                font-size: 16px !important;\n            }\n\n            .container {\n                padding: 0 !important;\n                width: 100% !important;\n            }\n\n            .content {\n                padding: 0 !important;\n            }\n\n            .content-wrap {\n                padding: 10px !important;\n            }\n\n            .invoice {\n                width: 100% !important;\n            }\n        }\n    </style>\n</head>\n\n<body itemscope itemtype=\"http://schema.org/EmailMessage\" style=\"font-family: 'Helvetica Neue',Helvetica,Arial,sans-serif; box-sizing: border-box; font-size: 14px; -webkit-font-smoothing: antialiased; -webkit-text-size-adjust: none; width: 100% !important; height: 100%; line-height: 1.6em; background-color: #f6f6f6; margin: 0;\" bgcolor=\"#f6f6f6\">\n\n<table class=\"body-wrap\" style=\"font-family: 'Helvetica Neue',Helvetica,Arial,sans-serif; box-sizing: border-box; font-size: 14px; width: 100%; background-color: #f6f6f6; margin: 0;\" bgcolor=\"#f6f6f6\">\n    <tr style=\"font-family: 'Helvetica Neue',Helvetica,Arial,sans-serif; box-sizing: border-box; font-size: 14px; margin: 0;\">\n        <td style=\"font-family: 'Helvetica Neue',Helvetica,Arial,sans-serif; box-sizing: border-box; font-size: 14px; vertical-align: top; margin: 0;\" valign=\"top\"></td>\n        <td class=\"container\" width=\"600\" style=\"font-family: 'Helvetica Neue',Helvetica,Arial,sans-serif; box-sizing: border-box; font-size: 14px; vertical-align: top; display: block !important; max-width: 600px !important; clear: both !important; margin: 0 auto;\" valign=\"top\">\n            <div class=\"content\" style=\"font-family: 'Helvetica Neue',Helvetica,Arial,sans-serif; box-sizing: border-box; font-size: 14px; max-width: 600px; display: block; margin: 0 auto; padding: 20px;\">\n                <table class=\"main\" width=\"100%\" cellpadding=\"0\" cellspacing=\"0\" itemprop=\"action\" itemscope itemtype=\"http://schema.org/ConfirmAction\" style=\"font-family: 'Helvetica Neue',Helvetica,Arial,sans-serif; box-sizing: border-box; font-size: 14px; border-radius: 3px; background-color: #fff; margin: 0; border: 1px solid #e9e9e9;\" bgcolor=\"#fff\">\n                    <tr style=\"font-family: 'Helvetica Neue',Helvetica,Arial,sans-serif; box-sizing: border-box; font-size: 14px; margin: 0;\">\n                        <td class=\"content-wrap\" style=\"font-family: 'Helvetica Neue',Helvetica,Arial,sans-serif; box-sizing: border-box; font-size: 14px; vertical-align: top; margin: 0; padding: 20px;\" valign=\"top\">\n                            <meta itemprop=\"name\" content=\"Confirm Email\" style=\"font-family: 'Helvetica Neue',Helvetica,Arial,sans-serif; box-sizing: border-box; font-size: 14px; margin: 0;\"/>\n                            <table width=\"100%\" cellpadding=\"0\" cellspacing=\"0\" style=\"font-family: 'Helvetica Neue',Helvetica,Arial,sans-serif; box-sizing: border-box; font-size: 14px; margin: 0;\">\n                                <tr style=\"font-family: 'Helvetica Neue',Helvetica,Arial,sans-serif; box-sizing: border-box; font-size: 14px; margin: 0;\">\n                                    <td class=\"content-block\" style=\"font-weight:500; font-family: 'Helvetica Neue',Helvetica,Arial,sans-serif; box-sizing: border-box; font-size: 14px; vertical-align: top; margin: 0; padding: 0 0 20px;\" valign=\"top\">\n                                        Dear Customer,\n                                    </td>\n                                </tr>\n                                <tr style=\"font-family: 'Helvetica Neue',Helvetica,Arial,sans-serif; box-sizing: border-box; font-size: 14px; margin: 0;\">\n                                    <td class=\"content-block\" style=\"font-family: 'Helvetica Neue',Helvetica,Arial,sans-serif; box-sizing: border-box; font-size: 14px; vertical-align: top; margin: 0; padding: 0 0 20px;\" valign=\"top\">\n                                        Thanks for your recent reservation. Please login to our platform and confirm the details of reservation.\n                                    </td>\n                                </tr>\n                                {{#if isAccountActive}}\n                                {{else}}\n                                <tr style=\"font-family: 'Helvetica Neue',Helvetica,Arial,sans-serif; box-sizing: border-box; font-size: 14px; margin: 0;\">\n                                    <td class=\"content-block\" style=\"font-family: 'Helvetica Neue',Helvetica,Arial,sans-serif; box-sizing: border-box; font-size: 14px; vertical-align: top; margin: 0; padding: 0 0 20px;\" valign=\"top\">\n                                        First, please click the button below to activate your account and set your account password.\n                                    </td>\n                                </tr>\n                                <tr style=\"font-family: 'Helvetica Neue',Helvetica,Arial,sans-serif; box-sizing: border-box; font-size: 14px; margin: 0;\">\n                                    <td class=\"content-block\" itemprop=\"handler\" itemscope itemtype=\"http://schema.org/HttpActionHandler\" style=\"font-family: 'Helvetica Neue',Helvetica,Arial,sans-serif; box-sizing: border-box; font-size: 14px; vertical-align: top; margin: 0; padding: 0 0 20px;\" valign=\"top\">\n                                        <a href=\"{{activateAccountUrl}}\" class=\"btn-primary\" itemprop=\"url\" style=\"font-family: 'Helvetica Neue',Helvetica,Arial,sans-serif; box-sizing: border-box; font-size: 14px; color: #FFF; text-decoration: none; line-height: 2em; font-weight: bold; text-align: center; cursor: pointer; display: inline-block; border-radius: 5px; text-transform: capitalize; background-color: #348eda; margin: 0; border-color: #348eda; border-style: solid; border-width: 5px 10px;\">Activate account</a>\n                                    </td>\n                                </tr>\n                                {{/if}}\n                                <tr style=\"font-family: 'Helvetica Neue',Helvetica,Arial,sans-serif; box-sizing: border-box; font-size: 14px; margin: 0;\">\n                                    <td class=\"content-block\" style=\"font-family: 'Helvetica Neue',Helvetica,Arial,sans-serif; box-sizing: border-box; font-size: 14px; vertical-align: top; margin: 0; padding: 0 0 20px;\" valign=\"top\">\n                                        You are able to electronically sign acceptance of this rental reservation by clicking the link below. You can sign either with your mouse or finger/stylus on a touch-pad device.\n                                    </td>\n                                </tr>\n                                <tr style=\"font-family: 'Helvetica Neue',Helvetica,Arial,sans-serif; box-sizing: border-box; font-size: 14px; margin: 0;\">\n                                    <td class=\"content-block\" itemprop=\"handler\" itemscope itemtype=\"http://schema.org/HttpActionHandler\" style=\"font-family: 'Helvetica Neue',Helvetica,Arial,sans-serif; box-sizing: border-box; font-size: 14px; vertical-align: top; margin: 0; padding: 0 0 20px;\" valign=\"top\">\n                                        <a href=\"{{confirmUrl}}\" class=\"btn-primary\" itemprop=\"url\" style=\"font-family: 'Helvetica Neue',Helvetica,Arial,sans-serif; box-sizing: border-box; font-size: 14px; color: #FFF; text-decoration: none; line-height: 2em; font-weight: bold; text-align: center; cursor: pointer; display: inline-block; border-radius: 5px; text-transform: capitalize; background-color: #348eda; margin: 0; border-color: #348eda; border-style: solid; border-width: 5px 10px;\">View Reservation</a>\n                                    </td>\n                                </tr>\n                                <tr style=\"font-family: 'Helvetica Neue',Helvetica,Arial,sans-serif; box-sizing: border-box; font-size: 14px; margin: 0;\">\n                                    <td class=\"content-block\" style=\"font-family: 'Helvetica Neue',Helvetica,Arial,sans-serif; box-sizing: border-box; font-size: 14px; vertical-align: top; margin: 0; padding: 0 0 20px;\" valign=\"top\">\n                                        We provide advanced technology as well as cheap price when you rent car, and keeping your rental experience as simple as possible.\n                                    </td>\n                                </tr>\n                                <tr style=\"font-family: 'Helvetica Neue',Helvetica,Arial,sans-serif; box-sizing: border-box; font-size: 14px; margin: 0;\">\n                                    <td class=\"content-block\" style=\"font-family: 'Helvetica Neue',Helvetica,Arial,sans-serif; box-sizing: border-box; font-size: 14px; vertical-align: top; margin: 0; padding: 0 0 20px;\" valign=\"top\">\n                                        For any further enquiry, please visit cheapacarrental.com or call the Customer Centre (1300 853 150) between 9:00am-5:30pm Monday to Friday.\n                                    </td>\n                                </tr>\n                                <tr style=\"font-family: 'Helvetica Neue',Helvetica,Arial,sans-serif; box-sizing: border-box; font-size: 14px; margin: 0;\">\n                                    <td class=\"content-block\" style=\"font-family: 'Helvetica Neue',Helvetica,Arial,sans-serif; box-sizing: border-box; font-size: 14px; vertical-align: top; margin: 0; padding: 0 0 20px;\" valign=\"top\">\n                                        Your faithfully<br/>\n                                        The Team at Cheapa Car Rental\n                                    </td>\n                                </tr>\n                            </table>\n                        </td>\n                    </tr>\n                </table>\n                <div class=\"footer\" style=\"font-family: 'Helvetica Neue',Helvetica,Arial,sans-serif; box-sizing: border-box; font-size: 14px; width: 100%; clear: both; color: #999; margin: 0; padding: 20px;\">\n                    <table width=\"100%\" style=\"font-family: 'Helvetica Neue',Helvetica,Arial,sans-serif; box-sizing: border-box; font-size: 14px; margin: 0;\">\n                        <tr style=\"font-family: 'Helvetica Neue',Helvetica,Arial,sans-serif; box-sizing: border-box; font-size: 14px; margin: 0;\">\n                            <td class=\"aligncenter content-block\" style=\"font-family: 'Helvetica Neue',Helvetica,Arial,sans-serif; box-sizing: border-box; font-size: 12px; vertical-align: top; color: #999; text-align: center; margin: 0; padding: 0 0 20px;\" align=\"center\" valign=\"top\"></td>\n                        </tr>\n                    </table>\n                </div>\n            </div>\n        </td>\n        <td style=\"font-family: 'Helvetica Neue',Helvetica,Arial,sans-serif; box-sizing: border-box; font-size: 14px; vertical-align: top; margin: 0;\" valign=\"top\"></td>\n    </tr>\n</table>\n</body>\n</html>"
        }
      }
    },
    "orderCreatedEmailTemplate": {
      "Type": "AWS::SES::Template",
      "Properties": {
        "Template": {
          "TemplateName": "orderCreated",
          "SubjectPart": "New order from platform",
          "HtmlPart": "<!DOCTYPE html PUBLIC \"-//W3C//DTD XHTML 1.0 Transitional//EN\" \"http://www.w3.org/TR/xhtml1/DTD/xhtml1-transitional.dtd\">\n<html xmlns=\"http://www.w3.org/1999/xhtml\" style=\"font-family: 'Helvetica Neue', Helvetica, Arial, sans-serif; box-sizing: border-box; font-size: 14px; margin: 0;\">\n<head>\n    <meta name=\"viewport\" content=\"width=device-width\"/>\n    <meta http-equiv=\"Content-Type\" content=\"text/html; charset=UTF-8\"/>\n    <title>Cheapa Car Rental</title>\n\n\n    <style type=\"text/css\">\n        img {\n            max-width: 100%;\n        }\n\n        body {\n            -webkit-font-smoothing: antialiased;\n            -webkit-text-size-adjust: none;\n            width: 100% !important;\n            height: 100%;\n            line-height: 1.6em;\n        }\n\n        body {\n            background-color: #f6f6f6;\n        }\n\n        @media only screen and (max-width: 640px) {\n            body {\n                padding: 0 !important;\n            }\n\n            h1 {\n                font-weight: 800 !important;\n                margin: 20px 0 5px !important;\n            }\n\n            h2 {\n                font-weight: 800 !important;\n                margin: 20px 0 5px !important;\n            }\n\n            h3 {\n                font-weight: 800 !important;\n                margin: 20px 0 5px !important;\n            }\n\n            h4 {\n                font-weight: 800 !important;\n                margin: 20px 0 5px !important;\n            }\n\n            h1 {\n                font-size: 22px !important;\n            }\n\n            h2 {\n                font-size: 18px !important;\n            }\n\n            h3 {\n                font-size: 16px !important;\n            }\n\n            .container {\n                padding: 0 !important;\n                width: 100% !important;\n            }\n\n            .content {\n                padding: 0 !important;\n            }\n\n            .content-wrap {\n                padding: 10px !important;\n            }\n\n            .invoice {\n                width: 100% !important;\n            }\n        }\n    </style>\n</head>\n\n<body itemscope itemtype=\"http://schema.org/EmailMessage\" style=\"font-family: 'Helvetica Neue',Helvetica,Arial,sans-serif; box-sizing: border-box; font-size: 14px; -webkit-font-smoothing: antialiased; -webkit-text-size-adjust: none; width: 100% !important; height: 100%; line-height: 1.6em; background-color: #f6f6f6; margin: 0;\" bgcolor=\"#f6f6f6\">\n\n<table class=\"body-wrap\" style=\"font-family: 'Helvetica Neue',Helvetica,Arial,sans-serif; box-sizing: border-box; font-size: 14px; width: 100%; background-color: #f6f6f6; margin: 0;\" bgcolor=\"#f6f6f6\">\n    <tr style=\"font-family: 'Helvetica Neue',Helvetica,Arial,sans-serif; box-sizing: border-box; font-size: 14px; margin: 0;\">\n        <td style=\"font-family: 'Helvetica Neue',Helvetica,Arial,sans-serif; box-sizing: border-box; font-size: 14px; vertical-align: top; margin: 0;\" valign=\"top\"></td>\n        <td class=\"container\" width=\"600\" style=\"font-family: 'Helvetica Neue',Helvetica,Arial,sans-serif; box-sizing: border-box; font-size: 14px; vertical-align: top; display: block !important; max-width: 600px !important; clear: both !important; margin: 0 auto;\" valign=\"top\">\n            <div class=\"content\" style=\"font-family: 'Helvetica Neue',Helvetica,Arial,sans-serif; box-sizing: border-box; font-size: 14px; max-width: 600px; display: block; margin: 0 auto; padding: 20px;\">\n                <table class=\"main\" width=\"100%\" cellpadding=\"0\" cellspacing=\"0\" itemprop=\"action\" itemscope itemtype=\"http://schema.org/ConfirmAction\" style=\"font-family: 'Helvetica Neue',Helvetica,Arial,sans-serif; box-sizing: border-box; font-size: 14px; border-radius: 3px; background-color: #fff; margin: 0; border: 1px solid #e9e9e9;\" bgcolor=\"#fff\">\n                    <tr style=\"font-family: 'Helvetica Neue',Helvetica,Arial,sans-serif; box-sizing: border-box; font-size: 14px; margin: 0;\">\n                        <td class=\"content-wrap\" style=\"font-family: 'Helvetica Neue',Helvetica,Arial,sans-serif; box-sizing: border-box; font-size: 14px; vertical-align: top; margin: 0; padding: 20px;\" valign=\"top\">\n                            <meta itemprop=\"name\" content=\"Confirm Email\" style=\"font-family: 'Helvetica Neue',Helvetica,Arial,sans-serif; box-sizing: border-box; font-size: 14px; margin: 0;\"/>\n                            <table width=\"100%\" cellpadding=\"0\" cellspacing=\"0\" style=\"font-family: 'Helvetica Neue',Helvetica,Arial,sans-serif; box-sizing: border-box; font-size: 14px; margin: 0;\">\n                                <tr style=\"font-family: 'Helvetica Neue',Helvetica,Arial,sans-serif; box-sizing: border-box; font-size: 14px; margin: 0;\">\n                                    <td class=\"content-block\" style=\"font-weight:500; font-family: 'Helvetica Neue',Helvetica,Arial,sans-serif; box-sizing: border-box; font-size: 14px; vertical-align: top; margin: 0; padding: 0 0 20px;\" valign=\"top\">\n                                        Dear Admin,\n                                    </td>\n                                </tr>\n                                <tr style=\"font-family: 'Helvetica Neue',Helvetica,Arial,sans-serif; box-sizing: border-box; font-size: 14px; margin: 0;\">\n                                    <td class=\"content-block\" style=\"font-family: 'Helvetica Neue',Helvetica,Arial,sans-serif; box-sizing: border-box; font-size: 14px; vertical-align: top; margin: 0; padding: 0 0 20px;\" valign=\"top\">\n                                        A new order has created.\n                                    </td>\n                                </tr>\n                                <tr style=\"font-family: 'Helvetica Neue',Helvetica,Arial,sans-serif; box-sizing: border-box; font-size: 14px; margin: 0;\">\n                                    <td class=\"content-block\" style=\"font-family: 'Helvetica Neue',Helvetica,Arial,sans-serif; box-sizing: border-box; font-size: 14px; vertical-align: top; margin: 0; padding: 0 0 20px;\" valign=\"top\">\n                                        Customer Email: {{email}}\n                                    </td>\n                                </tr>\n                                <tr style=\"font-family: 'Helvetica Neue',Helvetica,Arial,sans-serif; box-sizing: border-box; font-size: 14px; margin: 0;\">\n                                    <td class=\"content-block\" style=\"font-family: 'Helvetica Neue',Helvetica,Arial,sans-serif; box-sizing: border-box; font-size: 14px; vertical-align: top; margin: 0; padding: 0 0 20px;\" valign=\"top\">\n                                        Vehicle Category: {{vehicleCategoryName}}\n                                    </td>\n                                </tr>\n                                <tr style=\"font-family: 'Helvetica Neue',Helvetica,Arial,sans-serif; box-sizing: border-box; font-size: 14px; margin: 0;\">\n                                    <td class=\"content-block\" style=\"font-family: 'Helvetica Neue',Helvetica,Arial,sans-serif; box-sizing: border-box; font-size: 14px; vertical-align: top; margin: 0; padding: 0 0 20px;\" valign=\"top\">\n                                        Vehicle: {{vehicleId}}\n                                    </td>\n                                </tr>\n                                <tr style=\"font-family: 'Helvetica Neue',Helvetica,Arial,sans-serif; box-sizing: border-box; font-size: 14px; margin: 0;\">\n                                    <td class=\"content-block\" style=\"font-family: 'Helvetica Neue',Helvetica,Arial,sans-serif; box-sizing: border-box; font-size: 14px; vertical-align: top; margin: 0; padding: 0 0 20px;\" valign=\"top\">\n                                        Your faithfully<br/>\n                                        The Team at Cheapa Car Rental\n                                    </td>\n                                </tr>\n                            </table>\n                        </td>\n                    </tr>\n                </table>\n                <div class=\"footer\" style=\"font-family: 'Helvetica Neue',Helvetica,Arial,sans-serif; box-sizing: border-box; font-size: 14px; width: 100%; clear: both; color: #999; margin: 0; padding: 20px;\">\n                    <table width=\"100%\" style=\"font-family: 'Helvetica Neue',Helvetica,Arial,sans-serif; box-sizing: border-box; font-size: 14px; margin: 0;\">\n                        <tr style=\"font-family: 'Helvetica Neue',Helvetica,Arial,sans-serif; box-sizing: border-box; font-size: 14px; margin: 0;\">\n                            <td class=\"aligncenter content-block\" style=\"font-family: 'Helvetica Neue',Helvetica,Arial,sans-serif; box-sizing: border-box; font-size: 12px; vertical-align: top; color: #999; text-align: center; margin: 0; padding: 0 0 20px;\" align=\"center\" valign=\"top\"></td>\n                        </tr>\n                    </table>\n                </div>\n            </div>\n        </td>\n        <td style=\"font-family: 'Helvetica Neue',Helvetica,Arial,sans-serif; box-sizing: border-box; font-size: 14px; vertical-align: top; margin: 0;\" valign=\"top\"></td>\n    </tr>\n</table>\n</body>\n</html>"
        }
      }
    },
    "orderReturnedEmailTemplate": {
      "Type": "AWS::SES::Template",
      "Properties": {
        "Template": {
          "TemplateName": "orderReturned",
          "SubjectPart": "Vehicle Returned",
          "HtmlPart": "<!DOCTYPE html PUBLIC \"-//W3C//DTD XHTML 1.0 Transitional//EN\" \"http://www.w3.org/TR/xhtml1/DTD/xhtml1-transitional.dtd\">\n<html xmlns=\"http://www.w3.org/1999/xhtml\" style=\"font-family: 'Helvetica Neue', Helvetica, Arial, sans-serif; box-sizing: border-box; font-size: 14px; margin: 0;\">\n<head>\n    <meta name=\"viewport\" content=\"width=device-width\"/>\n    <meta http-equiv=\"Content-Type\" content=\"text/html; charset=UTF-8\"/>\n    <title>Cheapa Car Rental</title>\n\n\n    <style type=\"text/css\">\n        img {\n            max-width: 100%;\n        }\n\n        body {\n            -webkit-font-smoothing: antialiased;\n            -webkit-text-size-adjust: none;\n            width: 100% !important;\n            height: 100%;\n            line-height: 1.6em;\n        }\n\n        body {\n            background-color: #f6f6f6;\n        }\n\n        @media only screen and (max-width: 640px) {\n            body {\n                padding: 0 !important;\n            }\n\n            h1 {\n                font-weight: 800 !important;\n                margin: 20px 0 5px !important;\n            }\n\n            h2 {\n                font-weight: 800 !important;\n                margin: 20px 0 5px !important;\n            }\n\n            h3 {\n                font-weight: 800 !important;\n                margin: 20px 0 5px !important;\n            }\n\n            h4 {\n                font-weight: 800 !important;\n                margin: 20px 0 5px !important;\n            }\n\n            h1 {\n                font-size: 22px !important;\n            }\n\n            h2 {\n                font-size: 18px !important;\n            }\n\n            h3 {\n                font-size: 16px !important;\n            }\n\n            .container {\n                padding: 0 !important;\n                width: 100% !important;\n            }\n\n            .content {\n                padding: 0 !important;\n            }\n\n            .content-wrap {\n                padding: 10px !important;\n            }\n\n            .invoice {\n                width: 100% !important;\n            }\n        }\n    </style>\n</head>\n\n<body itemscope itemtype=\"http://schema.org/EmailMessage\" style=\"font-family: 'Helvetica Neue',Helvetica,Arial,sans-serif; box-sizing: border-box; font-size: 14px; -webkit-font-smoothing: antialiased; -webkit-text-size-adjust: none; width: 100% !important; height: 100%; line-height: 1.6em; background-color: #f6f6f6; margin: 0;\" bgcolor=\"#f6f6f6\">\n\n<table class=\"body-wrap\" style=\"font-family: 'Helvetica Neue',Helvetica,Arial,sans-serif; box-sizing: border-box; font-size: 14px; width: 100%; background-color: #f6f6f6; margin: 0;\" bgcolor=\"#f6f6f6\">\n    <tr style=\"font-family: 'Helvetica Neue',Helvetica,Arial,sans-serif; box-sizing: border-box; font-size: 14px; margin: 0;\">\n        <td style=\"font-family: 'Helvetica Neue',Helvetica,Arial,sans-serif; box-sizing: border-box; font-size: 14px; vertical-align: top; margin: 0;\" valign=\"top\"></td>\n        <td class=\"container\" width=\"600\" style=\"font-family: 'Helvetica Neue',Helvetica,Arial,sans-serif; box-sizing: border-box; font-size: 14px; vertical-align: top; display: block !important; max-width: 600px !important; clear: both !important; margin: 0 auto;\" valign=\"top\">\n            <div class=\"content\" style=\"font-family: 'Helvetica Neue',Helvetica,Arial,sans-serif; box-sizing: border-box; font-size: 14px; max-width: 600px; display: block; margin: 0 auto; padding: 20px;\">\n                <table class=\"main\" width=\"100%\" cellpadding=\"0\" cellspacing=\"0\" itemprop=\"action\" itemscope itemtype=\"http://schema.org/ConfirmAction\" style=\"font-family: 'Helvetica Neue',Helvetica,Arial,sans-serif; box-sizing: border-box; font-size: 14px; border-radius: 3px; background-color: #fff; margin: 0; border: 1px solid #e9e9e9;\" bgcolor=\"#fff\">\n                    <tr style=\"font-family: 'Helvetica Neue',Helvetica,Arial,sans-serif; box-sizing: border-box; font-size: 14px; margin: 0;\">\n                        <td class=\"content-wrap\" style=\"font-family: 'Helvetica Neue',Helvetica,Arial,sans-serif; box-sizing: border-box; font-size: 14px; vertical-align: top; margin: 0; padding: 20px;\" valign=\"top\">\n                            <meta itemprop=\"name\" content=\"Confirm Email\" style=\"font-family: 'Helvetica Neue',Helvetica,Arial,sans-serif; box-sizing: border-box; font-size: 14px; margin: 0;\"/>\n                            <table width=\"100%\" cellpadding=\"0\" cellspacing=\"0\" style=\"font-family: 'Helvetica Neue',Helvetica,Arial,sans-serif; box-sizing: border-box; font-size: 14px; margin: 0;\">\n                                <tr style=\"font-family: 'Helvetica Neue',Helvetica,Arial,sans-serif; box-sizing: border-box; font-size: 14px; margin: 0;\">\n                                    <td class=\"content-block\" style=\"font-weight:500; font-family: 'Helvetica Neue',Helvetica,Arial,sans-serif; box-sizing: border-box; font-size: 14px; vertical-align: top; margin: 0; padding: 0 0 20px;\" valign=\"top\">\n                                        Dear Admin,\n                                    </td>\n                                </tr>\n                                <tr style=\"font-family: 'Helvetica Neue',Helvetica,Arial,sans-serif; box-sizing: border-box; font-size: 14px; margin: 0;\">\n                                    <td class=\"content-block\" style=\"font-family: 'Helvetica Neue',Helvetica,Arial,sans-serif; box-sizing: border-box; font-size: 14px; vertical-align: top; margin: 0; padding: 0 0 20px;\" valign=\"top\">\n                                        A vehicle has been returned.\n                                    </td>\n                                </tr>\n                                <tr style=\"font-family: 'Helvetica Neue',Helvetica,Arial,sans-serif; box-sizing: border-box; font-size: 14px; margin: 0;\">\n                                    <td class=\"content-block\" style=\"font-family: 'Helvetica Neue',Helvetica,Arial,sans-serif; box-sizing: border-box; font-size: 14px; vertical-align: top; margin: 0; padding: 0 0 20px;\" valign=\"top\">\n                                        Customer Email: {{email}}\n                                    </td>\n                                </tr>\n                                <tr style=\"font-family: 'Helvetica Neue',Helvetica,Arial,sans-serif; box-sizing: border-box; font-size: 14px; margin: 0;\">\n                                    <td class=\"content-block\" style=\"font-family: 'Helvetica Neue',Helvetica,Arial,sans-serif; box-sizing: border-box; font-size: 14px; vertical-align: top; margin: 0; padding: 0 0 20px;\" valign=\"top\">\n                                        Vehicle: {{vehicleId}}\n                                    </td>\n                                </tr>\n                                <tr style=\"font-family: 'Helvetica Neue',Helvetica,Arial,sans-serif; box-sizing: border-box; font-size: 14px; margin: 0;\">\n                                    <td class=\"content-block\" style=\"font-family: 'Helvetica Neue',Helvetica,Arial,sans-serif; box-sizing: border-box; font-size: 14px; vertical-align: top; margin: 0; padding: 0 0 20px;\" valign=\"top\">\n                                        Your faithfully<br/>\n                                        The Team at Cheapa Car Rental\n                                    </td>\n                                </tr>\n                            </table>\n                        </td>\n                    </tr>\n                </table>\n                <div class=\"footer\" style=\"font-family: 'Helvetica Neue',Helvetica,Arial,sans-serif; box-sizing: border-box; font-size: 14px; width: 100%; clear: both; color: #999; margin: 0; padding: 20px;\">\n                    <table width=\"100%\" style=\"font-family: 'Helvetica Neue',Helvetica,Arial,sans-serif; box-sizing: border-box; font-size: 14px; margin: 0;\">\n                        <tr style=\"font-family: 'Helvetica Neue',Helvetica,Arial,sans-serif; box-sizing: border-box; font-size: 14px; margin: 0;\">\n                            <td class=\"aligncenter content-block\" style=\"font-family: 'Helvetica Neue',Helvetica,Arial,sans-serif; box-sizing: border-box; font-size: 12px; vertical-align: top; color: #999; text-align: center; margin: 0; padding: 0 0 20px;\" align=\"center\" valign=\"top\"></td>\n                        </tr>\n                    </table>\n                </div>\n            </div>\n        </td>\n        <td style=\"font-family: 'Helvetica Neue',Helvetica,Arial,sans-serif; box-sizing: border-box; font-size: 14px; vertical-align: top; margin: 0;\" valign=\"top\"></td>\n    </tr>\n</table>\n</body>\n</html>"
        }
      }
    }
  },
  "Outputs": {
    "ServerlessDeploymentBucketName": {
      "Value": {
        "Ref": "ServerlessDeploymentBucket"
      }
    },
    "infoEmailAddressArn": {
      "Value": {
        "Fn::Join": [
          "",
          [
            "arn:aws:ses:us-east-1:",
            {
              "Ref": "AWS::AccountId"
            },
            ":identity/",
            "info@cheapacarrental.com"
          ]
        ]
      }
    },
    "adminEmailAddressArn": {
      "Value": {
        "Fn::Join": [
          "",
          [
            "arn:aws:ses:us-east-1:",
            {
              "Ref": "AWS::AccountId"
            },
            ":identity/",
            "admintest@cheapacarrental.com"
          ]
        ]
      }
    },
    "supportEmailAddressArn": {
      "Value": {
        "Fn::Join": [
          "",
          [
            "arn:aws:ses:us-east-1:",
            {
              "Ref": "AWS::AccountId"
            },
            ":identity/",
            "supporttest@cheapacarrental.com"
          ]
        ]
      }
    },
    "sendFunctionName": {
      "Value": {
        "Ref": "SendLambdaFunction"
      }
    },
    "sendFunctionArn": {
      "Value": {
        "Fn::GetAtt": [
          "SendLambdaFunction",
          "Arn"
        ]
      }
    },
    "renderTemplateFunctionArn": {
      "Value": {
        "Fn::GetAtt": [
          "RenderTemplateLambdaFunction",
          "Arn"
        ]
      }
    }
  }
}