{
  "service": {
    "service": "cheapa-prod-devices",
    "serviceObject": {
      "name": "cheapa-prod-devices"
    },
    "provider": {
      "stage": "prod",
      "variableSyntax": "\\${([ ~:a-zA-Z0-9._@'\",\\-\\/\\(\\)*]+?)}",
      "name": "aws",
      "region": "ap-southeast-2",
      "profile": "cheapa-prod",
      "deploymentBucket": "cheapa-prod-deployment-bucket",
      "runtime": "nodejs8.10",
      "memorySize": 256,
      "timeout": 10,
      "versionFunctions": false,
      "moduleName": "devices",
      "tracing": false,
      "apiGateway": {
        "restApiId": "o5wnzcigwf",
        "restApiRootResourceId": "kayiao6n5b"
      },
      "iamRoleStatements": [
        {
          "Effect": "Allow",
          "Action": [
            "lambda:*",
            "dynamodb:*",
            "cloudwatch:*",
            "logs:*",
            "xray:*"
          ],
          "Resource": "*"
        }
      ],
      "environment": {
        "TCP_SERVER_IP": "13.236.106.82",
        "TCP_SERVER_PORT_LINGHANG": "8801",
        "TCP_SERVER_PORT_H6": "8802"
      },
      "remoteFunctionData": null,
      "compiledCloudFormationTemplate": {
        "AWSTemplateFormatVersion": "2010-09-09",
        "Description": "The AWS CloudFormation template for this Serverless application",
        "Resources": {
          "DevicesLogGroup": {
            "Type": "AWS::Logs::LogGroup",
            "Properties": {
              "LogGroupName": "/aws/lambda/cheapa-prod-devices"
            }
          },
          "IamRoleLambdaExecution": {
            "Type": "AWS::IAM::Role",
            "Properties": {
              "AssumeRolePolicyDocument": {
                "Version": "2012-10-17",
                "Statement": [
                  {
                    "Effect": "Allow",
                    "Principal": {
                      "Service": [
                        "lambda.amazonaws.com"
                      ]
                    },
                    "Action": [
                      "sts:AssumeRole"
                    ]
                  }
                ]
              },
              "Policies": [
                {
                  "PolicyName": {
                    "Fn::Join": [
                      "-",
                      [
                        "prod",
                        "cheapa-prod-devices",
                        "lambda"
                      ]
                    ]
                  },
                  "PolicyDocument": {
                    "Version": "2012-10-17",
                    "Statement": [
                      {
                        "Effect": "Allow",
                        "Action": [
                          "logs:CreateLogStream"
                        ],
                        "Resource": [
                          {
                            "Fn::Sub": "arn:${AWS::Partition}:logs:${AWS::Region}:${AWS::AccountId}:log-group:/aws/lambda/cheapa-prod-devices:*"
                          }
                        ]
                      },
                      {
                        "Effect": "Allow",
                        "Action": [
                          "logs:PutLogEvents"
                        ],
                        "Resource": [
                          {
                            "Fn::Sub": "arn:${AWS::Partition}:logs:${AWS::Region}:${AWS::AccountId}:log-group:/aws/lambda/cheapa-prod-devices:*:*"
                          }
                        ]
                      },
                      {
                        "$ref": "$[\"service\"][\"provider\"][\"iamRoleStatements\"][0]"
                      }
                    ]
                  }
                }
              ],
              "Path": "/",
              "RoleName": {
                "Fn::Join": [
                  "-",
                  [
                    "cheapa-prod-devices",
                    "prod",
                    {
                      "Ref": "AWS::Region"
                    },
                    "lambdaRole"
                  ]
                ]
              }
            }
          },
          "DevicesLambdaFunction": {
            "Type": "AWS::Lambda::Function",
            "Properties": {
              "Code": {
                "S3Bucket": "cheapa-prod-deployment-bucket",
                "S3Key": "serverless/cheapa-prod-devices/prod/1570961758013-2019-10-13T10:15:58.013Z/devices.zip"
              },
              "FunctionName": "cheapa-prod-devices",
              "Handler": "Controller.handler",
              "MemorySize": 256,
              "Role": {
                "Fn::GetAtt": [
                  "IamRoleLambdaExecution",
                  "Arn"
                ]
              },
              "Runtime": "nodejs8.10",
              "Timeout": 10,
              "Environment": {
                "Variables": {
                  "TCP_SERVER_IP": "13.236.106.82",
                  "TCP_SERVER_PORT_LINGHANG": "8801",
                  "TCP_SERVER_PORT_H6": "8802"
                }
              }
            },
            "DependsOn": [
              "DevicesLogGroup",
              "IamRoleLambdaExecution"
            ]
          },
          "ApiGatewayResourceDevices": {
            "Type": "AWS::ApiGateway::Resource",
            "Properties": {
              "ParentId": "kayiao6n5b",
              "PathPart": "devices",
              "RestApiId": "o5wnzcigwf"
            }
          },
          "ApiGatewayResourceDevicesIdVar": {
            "Type": "AWS::ApiGateway::Resource",
            "Properties": {
              "ParentId": {
                "Ref": "ApiGatewayResourceDevices"
              },
              "PathPart": "{id}",
              "RestApiId": "o5wnzcigwf"
            }
          },
          "ApiGatewayResourceDevicesIdVarAction": {
            "Type": "AWS::ApiGateway::Resource",
            "Properties": {
              "ParentId": {
                "Ref": "ApiGatewayResourceDevicesIdVar"
              },
              "PathPart": "action",
              "RestApiId": "o5wnzcigwf"
            }
          },
          "ApiGatewayResourceDevicesIdVarReports": {
            "Type": "AWS::ApiGateway::Resource",
            "Properties": {
              "ParentId": {
                "Ref": "ApiGatewayResourceDevicesIdVar"
              },
              "PathPart": "reports",
              "RestApiId": "o5wnzcigwf"
            }
          },
          "ApiGatewayResourceDevicesIdVarReportsCreatedatVar": {
            "Type": "AWS::ApiGateway::Resource",
            "Properties": {
              "ParentId": {
                "Ref": "ApiGatewayResourceDevicesIdVarReports"
              },
              "PathPart": "{createdAt}",
              "RestApiId": "o5wnzcigwf"
            }
          },
          "ApiGatewayMethodDevicesOptions": {
            "Type": "AWS::ApiGateway::Method",
            "Properties": {
              "AuthorizationType": "NONE",
              "HttpMethod": "OPTIONS",
              "MethodResponses": [
                {
                  "StatusCode": "200",
                  "ResponseParameters": {
                    "method.response.header.Access-Control-Allow-Origin": true,
                    "method.response.header.Access-Control-Allow-Headers": true,
                    "method.response.header.Access-Control-Allow-Methods": true,
                    "method.response.header.Access-Control-Allow-Credentials": true,
                    "method.response.header.Access-Control-Max-Age": true
                  },
                  "ResponseModels": {}
                }
              ],
              "RequestParameters": {},
              "Integration": {
                "Type": "MOCK",
                "RequestTemplates": {
                  "application/json": "{statusCode:200}"
                },
                "ContentHandling": "CONVERT_TO_TEXT",
                "IntegrationResponses": [
                  {
                    "StatusCode": "200",
                    "ResponseParameters": {
                      "method.response.header.Access-Control-Allow-Origin": "'*'",
                      "method.response.header.Access-Control-Allow-Headers": "'Content-Type,X-Amz-Date,Authorization,X-Api-Key,X-Amz-Security-Token,X-Amz-User-Agent'",
                      "method.response.header.Access-Control-Allow-Methods": "'OPTIONS,POST,GET'",
                      "method.response.header.Access-Control-Allow-Credentials": "'false'",
                      "method.response.header.Access-Control-Max-Age": "'86400'"
                    },
                    "ResponseTemplates": {
                      "application/json": ""
                    }
                  }
                ]
              },
              "ResourceId": {
                "Ref": "ApiGatewayResourceDevices"
              },
              "RestApiId": "o5wnzcigwf"
            }
          },
          "ApiGatewayMethodDevicesIdVarOptions": {
            "Type": "AWS::ApiGateway::Method",
            "Properties": {
              "AuthorizationType": "NONE",
              "HttpMethod": "OPTIONS",
              "MethodResponses": [
                {
                  "StatusCode": "200",
                  "ResponseParameters": {
                    "method.response.header.Access-Control-Allow-Origin": true,
                    "method.response.header.Access-Control-Allow-Headers": true,
                    "method.response.header.Access-Control-Allow-Methods": true,
                    "method.response.header.Access-Control-Allow-Credentials": true,
                    "method.response.header.Access-Control-Max-Age": true
                  },
                  "ResponseModels": {}
                }
              ],
              "RequestParameters": {},
              "Integration": {
                "Type": "MOCK",
                "RequestTemplates": {
                  "application/json": "{statusCode:200}"
                },
                "ContentHandling": "CONVERT_TO_TEXT",
                "IntegrationResponses": [
                  {
                    "StatusCode": "200",
                    "ResponseParameters": {
                      "method.response.header.Access-Control-Allow-Origin": "'*'",
                      "method.response.header.Access-Control-Allow-Headers": "'Content-Type,X-Amz-Date,Authorization,X-Api-Key,X-Amz-Security-Token,X-Amz-User-Agent'",
                      "method.response.header.Access-Control-Allow-Methods": "'OPTIONS,DELETE,PUT,GET'",
                      "method.response.header.Access-Control-Allow-Credentials": "'false'",
                      "method.response.header.Access-Control-Max-Age": "'86400'"
                    },
                    "ResponseTemplates": {
                      "application/json": ""
                    }
                  }
                ]
              },
              "ResourceId": {
                "Ref": "ApiGatewayResourceDevicesIdVar"
              },
              "RestApiId": "o5wnzcigwf"
            }
          },
          "ApiGatewayMethodDevicesIdVarActionOptions": {
            "Type": "AWS::ApiGateway::Method",
            "Properties": {
              "AuthorizationType": "NONE",
              "HttpMethod": "OPTIONS",
              "MethodResponses": [
                {
                  "StatusCode": "200",
                  "ResponseParameters": {
                    "method.response.header.Access-Control-Allow-Origin": true,
                    "method.response.header.Access-Control-Allow-Headers": true,
                    "method.response.header.Access-Control-Allow-Methods": true,
                    "method.response.header.Access-Control-Allow-Credentials": true,
                    "method.response.header.Access-Control-Max-Age": true
                  },
                  "ResponseModels": {}
                }
              ],
              "RequestParameters": {},
              "Integration": {
                "Type": "MOCK",
                "RequestTemplates": {
                  "application/json": "{statusCode:200}"
                },
                "ContentHandling": "CONVERT_TO_TEXT",
                "IntegrationResponses": [
                  {
                    "StatusCode": "200",
                    "ResponseParameters": {
                      "method.response.header.Access-Control-Allow-Origin": "'*'",
                      "method.response.header.Access-Control-Allow-Headers": "'Content-Type,X-Amz-Date,Authorization,X-Api-Key,X-Amz-Security-Token,X-Amz-User-Agent'",
                      "method.response.header.Access-Control-Allow-Methods": "'OPTIONS,POST'",
                      "method.response.header.Access-Control-Allow-Credentials": "'false'",
                      "method.response.header.Access-Control-Max-Age": "'86400'"
                    },
                    "ResponseTemplates": {
                      "application/json": ""
                    }
                  }
                ]
              },
              "ResourceId": {
                "Ref": "ApiGatewayResourceDevicesIdVarAction"
              },
              "RestApiId": "o5wnzcigwf"
            }
          },
          "ApiGatewayMethodDevicesIdVarReportsOptions": {
            "Type": "AWS::ApiGateway::Method",
            "Properties": {
              "AuthorizationType": "NONE",
              "HttpMethod": "OPTIONS",
              "MethodResponses": [
                {
                  "StatusCode": "200",
                  "ResponseParameters": {
                    "method.response.header.Access-Control-Allow-Origin": true,
                    "method.response.header.Access-Control-Allow-Headers": true,
                    "method.response.header.Access-Control-Allow-Methods": true,
                    "method.response.header.Access-Control-Allow-Credentials": true,
                    "method.response.header.Access-Control-Max-Age": true
                  },
                  "ResponseModels": {}
                }
              ],
              "RequestParameters": {},
              "Integration": {
                "Type": "MOCK",
                "RequestTemplates": {
                  "application/json": "{statusCode:200}"
                },
                "ContentHandling": "CONVERT_TO_TEXT",
                "IntegrationResponses": [
                  {
                    "StatusCode": "200",
                    "ResponseParameters": {
                      "method.response.header.Access-Control-Allow-Origin": "'*'",
                      "method.response.header.Access-Control-Allow-Headers": "'Content-Type,X-Amz-Date,Authorization,X-Api-Key,X-Amz-Security-Token,X-Amz-User-Agent'",
                      "method.response.header.Access-Control-Allow-Methods": "'OPTIONS,POST,GET'",
                      "method.response.header.Access-Control-Allow-Credentials": "'false'",
                      "method.response.header.Access-Control-Max-Age": "'86400'"
                    },
                    "ResponseTemplates": {
                      "application/json": ""
                    }
                  }
                ]
              },
              "ResourceId": {
                "Ref": "ApiGatewayResourceDevicesIdVarReports"
              },
              "RestApiId": "o5wnzcigwf"
            }
          },
          "ApiGatewayMethodDevicesIdVarReportsCreatedatVarOptions": {
            "Type": "AWS::ApiGateway::Method",
            "Properties": {
              "AuthorizationType": "NONE",
              "HttpMethod": "OPTIONS",
              "MethodResponses": [
                {
                  "StatusCode": "200",
                  "ResponseParameters": {
                    "method.response.header.Access-Control-Allow-Origin": true,
                    "method.response.header.Access-Control-Allow-Headers": true,
                    "method.response.header.Access-Control-Allow-Methods": true,
                    "method.response.header.Access-Control-Allow-Credentials": true,
                    "method.response.header.Access-Control-Max-Age": true
                  },
                  "ResponseModels": {}
                }
              ],
              "RequestParameters": {},
              "Integration": {
                "Type": "MOCK",
                "RequestTemplates": {
                  "application/json": "{statusCode:200}"
                },
                "ContentHandling": "CONVERT_TO_TEXT",
                "IntegrationResponses": [
                  {
                    "StatusCode": "200",
                    "ResponseParameters": {
                      "method.response.header.Access-Control-Allow-Origin": "'*'",
                      "method.response.header.Access-Control-Allow-Headers": "'Content-Type,X-Amz-Date,Authorization,X-Api-Key,X-Amz-Security-Token,X-Amz-User-Agent'",
                      "method.response.header.Access-Control-Allow-Methods": "'OPTIONS,GET'",
                      "method.response.header.Access-Control-Allow-Credentials": "'false'",
                      "method.response.header.Access-Control-Max-Age": "'86400'"
                    },
                    "ResponseTemplates": {
                      "application/json": ""
                    }
                  }
                ]
              },
              "ResourceId": {
                "Ref": "ApiGatewayResourceDevicesIdVarReportsCreatedatVar"
              },
              "RestApiId": "o5wnzcigwf"
            }
          },
          "ApiGatewayMethodDevicesGet": {
            "Type": "AWS::ApiGateway::Method",
            "Properties": {
              "HttpMethod": "GET",
              "RequestParameters": {},
              "ResourceId": {
                "Ref": "ApiGatewayResourceDevices"
              },
              "RestApiId": "o5wnzcigwf",
              "ApiKeyRequired": false,
              "AuthorizationType": "CUSTOM",
              "AuthorizerId": {
                "Ref": "CheapaDashprodDashdevicesDashauthorizerApiGatewayAuthorizer"
              },
              "Integration": {
                "IntegrationHttpMethod": "POST",
                "Type": "AWS_PROXY",
                "Uri": {
                  "Fn::Join": [
                    "",
                    [
                      "arn:",
                      {
                        "Ref": "AWS::Partition"
                      },
                      ":apigateway:",
                      {
                        "Ref": "AWS::Region"
                      },
                      ":lambda:path/2015-03-31/functions/",
                      {
                        "Fn::GetAtt": [
                          "DevicesLambdaFunction",
                          "Arn"
                        ]
                      },
                      "/invocations"
                    ]
                  ]
                }
              },
              "MethodResponses": []
            },
            "DependsOn": "CheapaDashprodDashdevicesDashauthorizerApiGatewayAuthorizer"
          },
          "ApiGatewayMethodDevicesIdVarGet": {
            "Type": "AWS::ApiGateway::Method",
            "Properties": {
              "HttpMethod": "GET",
              "RequestParameters": {},
              "ResourceId": {
                "Ref": "ApiGatewayResourceDevicesIdVar"
              },
              "RestApiId": "o5wnzcigwf",
              "ApiKeyRequired": false,
              "AuthorizationType": "CUSTOM",
              "AuthorizerId": {
                "Ref": "CheapaDashprodDashdevicesDashauthorizerApiGatewayAuthorizer"
              },
              "Integration": {
                "IntegrationHttpMethod": "POST",
                "Type": "AWS_PROXY",
                "Uri": {
                  "Fn::Join": [
                    "",
                    [
                      "arn:",
                      {
                        "Ref": "AWS::Partition"
                      },
                      ":apigateway:",
                      {
                        "Ref": "AWS::Region"
                      },
                      ":lambda:path/2015-03-31/functions/",
                      {
                        "Fn::GetAtt": [
                          "DevicesLambdaFunction",
                          "Arn"
                        ]
                      },
                      "/invocations"
                    ]
                  ]
                }
              },
              "MethodResponses": []
            },
            "DependsOn": "CheapaDashprodDashdevicesDashauthorizerApiGatewayAuthorizer"
          },
          "ApiGatewayMethodDevicesPost": {
            "Type": "AWS::ApiGateway::Method",
            "Properties": {
              "HttpMethod": "POST",
              "RequestParameters": {},
              "ResourceId": {
                "Ref": "ApiGatewayResourceDevices"
              },
              "RestApiId": "o5wnzcigwf",
              "ApiKeyRequired": false,
              "AuthorizationType": "CUSTOM",
              "AuthorizerId": {
                "Ref": "CheapaDashprodDashdevicesDashauthorizerApiGatewayAuthorizer"
              },
              "Integration": {
                "IntegrationHttpMethod": "POST",
                "Type": "AWS_PROXY",
                "Uri": {
                  "Fn::Join": [
                    "",
                    [
                      "arn:",
                      {
                        "Ref": "AWS::Partition"
                      },
                      ":apigateway:",
                      {
                        "Ref": "AWS::Region"
                      },
                      ":lambda:path/2015-03-31/functions/",
                      {
                        "Fn::GetAtt": [
                          "DevicesLambdaFunction",
                          "Arn"
                        ]
                      },
                      "/invocations"
                    ]
                  ]
                }
              },
              "MethodResponses": []
            },
            "DependsOn": "CheapaDashprodDashdevicesDashauthorizerApiGatewayAuthorizer"
          },
          "ApiGatewayMethodDevicesIdVarPut": {
            "Type": "AWS::ApiGateway::Method",
            "Properties": {
              "HttpMethod": "PUT",
              "RequestParameters": {},
              "ResourceId": {
                "Ref": "ApiGatewayResourceDevicesIdVar"
              },
              "RestApiId": "o5wnzcigwf",
              "ApiKeyRequired": false,
              "AuthorizationType": "CUSTOM",
              "AuthorizerId": {
                "Ref": "CheapaDashprodDashdevicesDashauthorizerApiGatewayAuthorizer"
              },
              "Integration": {
                "IntegrationHttpMethod": "POST",
                "Type": "AWS_PROXY",
                "Uri": {
                  "Fn::Join": [
                    "",
                    [
                      "arn:",
                      {
                        "Ref": "AWS::Partition"
                      },
                      ":apigateway:",
                      {
                        "Ref": "AWS::Region"
                      },
                      ":lambda:path/2015-03-31/functions/",
                      {
                        "Fn::GetAtt": [
                          "DevicesLambdaFunction",
                          "Arn"
                        ]
                      },
                      "/invocations"
                    ]
                  ]
                }
              },
              "MethodResponses": []
            },
            "DependsOn": "CheapaDashprodDashdevicesDashauthorizerApiGatewayAuthorizer"
          },
          "ApiGatewayMethodDevicesIdVarDelete": {
            "Type": "AWS::ApiGateway::Method",
            "Properties": {
              "HttpMethod": "DELETE",
              "RequestParameters": {},
              "ResourceId": {
                "Ref": "ApiGatewayResourceDevicesIdVar"
              },
              "RestApiId": "o5wnzcigwf",
              "ApiKeyRequired": false,
              "AuthorizationType": "CUSTOM",
              "AuthorizerId": {
                "Ref": "CheapaDashprodDashdevicesDashauthorizerApiGatewayAuthorizer"
              },
              "Integration": {
                "IntegrationHttpMethod": "POST",
                "Type": "AWS_PROXY",
                "Uri": {
                  "Fn::Join": [
                    "",
                    [
                      "arn:",
                      {
                        "Ref": "AWS::Partition"
                      },
                      ":apigateway:",
                      {
                        "Ref": "AWS::Region"
                      },
                      ":lambda:path/2015-03-31/functions/",
                      {
                        "Fn::GetAtt": [
                          "DevicesLambdaFunction",
                          "Arn"
                        ]
                      },
                      "/invocations"
                    ]
                  ]
                }
              },
              "MethodResponses": []
            },
            "DependsOn": "CheapaDashprodDashdevicesDashauthorizerApiGatewayAuthorizer"
          },
          "ApiGatewayMethodDevicesIdVarActionPost": {
            "Type": "AWS::ApiGateway::Method",
            "Properties": {
              "HttpMethod": "POST",
              "RequestParameters": {},
              "ResourceId": {
                "Ref": "ApiGatewayResourceDevicesIdVarAction"
              },
              "RestApiId": "o5wnzcigwf",
              "ApiKeyRequired": false,
              "AuthorizationType": "CUSTOM",
              "AuthorizerId": {
                "Ref": "CheapaDashprodDashdevicesDashauthorizerApiGatewayAuthorizer"
              },
              "Integration": {
                "IntegrationHttpMethod": "POST",
                "Type": "AWS_PROXY",
                "Uri": {
                  "Fn::Join": [
                    "",
                    [
                      "arn:",
                      {
                        "Ref": "AWS::Partition"
                      },
                      ":apigateway:",
                      {
                        "Ref": "AWS::Region"
                      },
                      ":lambda:path/2015-03-31/functions/",
                      {
                        "Fn::GetAtt": [
                          "DevicesLambdaFunction",
                          "Arn"
                        ]
                      },
                      "/invocations"
                    ]
                  ]
                }
              },
              "MethodResponses": []
            },
            "DependsOn": "CheapaDashprodDashdevicesDashauthorizerApiGatewayAuthorizer"
          },
          "ApiGatewayMethodDevicesIdVarReportsGet": {
            "Type": "AWS::ApiGateway::Method",
            "Properties": {
              "HttpMethod": "GET",
              "RequestParameters": {},
              "ResourceId": {
                "Ref": "ApiGatewayResourceDevicesIdVarReports"
              },
              "RestApiId": "o5wnzcigwf",
              "ApiKeyRequired": false,
              "AuthorizationType": "CUSTOM",
              "AuthorizerId": {
                "Ref": "CheapaDashprodDashdevicesDashauthorizerApiGatewayAuthorizer"
              },
              "Integration": {
                "IntegrationHttpMethod": "POST",
                "Type": "AWS_PROXY",
                "Uri": {
                  "Fn::Join": [
                    "",
                    [
                      "arn:",
                      {
                        "Ref": "AWS::Partition"
                      },
                      ":apigateway:",
                      {
                        "Ref": "AWS::Region"
                      },
                      ":lambda:path/2015-03-31/functions/",
                      {
                        "Fn::GetAtt": [
                          "DevicesLambdaFunction",
                          "Arn"
                        ]
                      },
                      "/invocations"
                    ]
                  ]
                }
              },
              "MethodResponses": []
            },
            "DependsOn": "CheapaDashprodDashdevicesDashauthorizerApiGatewayAuthorizer"
          },
          "ApiGatewayMethodDevicesIdVarReportsCreatedatVarGet": {
            "Type": "AWS::ApiGateway::Method",
            "Properties": {
              "HttpMethod": "GET",
              "RequestParameters": {},
              "ResourceId": {
                "Ref": "ApiGatewayResourceDevicesIdVarReportsCreatedatVar"
              },
              "RestApiId": "o5wnzcigwf",
              "ApiKeyRequired": false,
              "AuthorizationType": "CUSTOM",
              "AuthorizerId": {
                "Ref": "CheapaDashprodDashdevicesDashauthorizerApiGatewayAuthorizer"
              },
              "Integration": {
                "IntegrationHttpMethod": "POST",
                "Type": "AWS_PROXY",
                "Uri": {
                  "Fn::Join": [
                    "",
                    [
                      "arn:",
                      {
                        "Ref": "AWS::Partition"
                      },
                      ":apigateway:",
                      {
                        "Ref": "AWS::Region"
                      },
                      ":lambda:path/2015-03-31/functions/",
                      {
                        "Fn::GetAtt": [
                          "DevicesLambdaFunction",
                          "Arn"
                        ]
                      },
                      "/invocations"
                    ]
                  ]
                }
              },
              "MethodResponses": []
            },
            "DependsOn": "CheapaDashprodDashdevicesDashauthorizerApiGatewayAuthorizer"
          },
          "ApiGatewayMethodDevicesIdVarReportsPost": {
            "Type": "AWS::ApiGateway::Method",
            "Properties": {
              "HttpMethod": "POST",
              "RequestParameters": {},
              "ResourceId": {
                "Ref": "ApiGatewayResourceDevicesIdVarReports"
              },
              "RestApiId": "o5wnzcigwf",
              "ApiKeyRequired": false,
              "AuthorizationType": "NONE",
              "Integration": {
                "IntegrationHttpMethod": "POST",
                "Type": "AWS_PROXY",
                "Uri": {
                  "Fn::Join": [
                    "",
                    [
                      "arn:",
                      {
                        "Ref": "AWS::Partition"
                      },
                      ":apigateway:",
                      {
                        "Ref": "AWS::Region"
                      },
                      ":lambda:path/2015-03-31/functions/",
                      {
                        "Fn::GetAtt": [
                          "DevicesLambdaFunction",
                          "Arn"
                        ]
                      },
                      "/invocations"
                    ]
                  ]
                }
              },
              "MethodResponses": []
            }
          },
          "CheapaDashprodDashdevicesDashauthorizerApiGatewayAuthorizer": {
            "Type": "AWS::ApiGateway::Authorizer",
            "Properties": {
              "AuthorizerResultTtlInSeconds": 300,
              "IdentitySource": "method.request.header.Authorization",
              "Name": "cheapa-prod-devices-authorizer",
              "RestApiId": "o5wnzcigwf",
              "AuthorizerUri": {
                "Fn::Join": [
                  "",
                  [
                    "arn:",
                    {
                      "Ref": "AWS::Partition"
                    },
                    ":apigateway:",
                    {
                      "Ref": "AWS::Region"
                    },
                    ":lambda:path/2015-03-31/functions/",
                    "arn:aws:lambda:ap-southeast-2:458483830777:function:cheapa-prod-accounts-authorizer",
                    "/invocations"
                  ]
                ]
              },
              "Type": "TOKEN"
            }
          },
          "ApiGatewayDeployment1570961749501": {
            "Type": "AWS::ApiGateway::Deployment",
            "Properties": {
              "RestApiId": "o5wnzcigwf",
              "StageName": "prod"
            },
            "DependsOn": [
              "ApiGatewayMethodDevicesOptions",
              "ApiGatewayMethodDevicesIdVarOptions",
              "ApiGatewayMethodDevicesIdVarActionOptions",
              "ApiGatewayMethodDevicesIdVarReportsOptions",
              "ApiGatewayMethodDevicesIdVarReportsCreatedatVarOptions",
              "ApiGatewayMethodDevicesGet",
              "ApiGatewayMethodDevicesIdVarGet",
              "ApiGatewayMethodDevicesPost",
              "ApiGatewayMethodDevicesIdVarPut",
              "ApiGatewayMethodDevicesIdVarDelete",
              "ApiGatewayMethodDevicesIdVarActionPost",
              "ApiGatewayMethodDevicesIdVarReportsGet",
              "ApiGatewayMethodDevicesIdVarReportsCreatedatVarGet",
              "ApiGatewayMethodDevicesIdVarReportsPost"
            ]
          },
          "DevicesLambdaPermissionApiGateway": {
            "Type": "AWS::Lambda::Permission",
            "Properties": {
              "FunctionName": {
                "Fn::GetAtt": [
                  "DevicesLambdaFunction",
                  "Arn"
                ]
              },
              "Action": "lambda:InvokeFunction",
              "Principal": "apigateway.amazonaws.com",
              "SourceArn": {
                "Fn::Join": [
                  "",
                  [
                    "arn:",
                    {
                      "Ref": "AWS::Partition"
                    },
                    ":execute-api:",
                    {
                      "Ref": "AWS::Region"
                    },
                    ":",
                    {
                      "Ref": "AWS::AccountId"
                    },
                    ":",
                    "o5wnzcigwf",
                    "/*/*"
                  ]
                ]
              }
            }
          },
          "CheapaDashprodDashdevicesDashauthorizerLambdaPermissionApiGateway": {
            "Type": "AWS::Lambda::Permission",
            "Properties": {
              "FunctionName": "arn:aws:lambda:ap-southeast-2:458483830777:function:cheapa-prod-accounts-authorizer",
              "Action": "lambda:InvokeFunction",
              "Principal": "apigateway.amazonaws.com"
            }
          }
        },
        "Outputs": {
          "ServerlessDeploymentBucketName": {
            "Value": "cheapa-prod-deployment-bucket"
          },
          "ServiceEndpoint": {
            "Description": "URL of the service endpoint",
            "Value": {
              "Fn::Join": [
                "",
                [
                  "https://",
                  "o5wnzcigwf",
                  ".execute-api.",
                  {
                    "Ref": "AWS::Region"
                  },
                  ".",
                  {
                    "Ref": "AWS::URLSuffix"
                  },
                  "/prod"
                ]
              ]
            }
          }
        }
      },
      "vpc": {}
    },
    "custom": {
      "webpack": "../../webpack.config.js",
      "authorizerArn": "arn:aws:lambda:ap-southeast-2:458483830777:function:cheapa-prod-accounts-authorizer"
    },
    "plugins": [
      "serverless-plugin-tracing",
      "serverless-webpack",
      "serverless-offline"
    ],
    "pluginsData": {},
    "functions": {
      "devices": {
        "name": "cheapa-prod-devices",
        "handler": "Controller.handler",
        "events": [
          {
            "http": {
              "path": "devices",
              "method": "get",
              "cors": {
                "maxAge": 86400,
                "methods": [
                  "OPTIONS",
                  "GET"
                ],
                "allowCredentials": false,
                "headers": [
                  "Content-Type",
                  "X-Amz-Date",
                  "Authorization",
                  "X-Api-Key",
                  "X-Amz-Security-Token",
                  "X-Amz-User-Agent"
                ]
              },
              "authorizer": {
                "name": "cheapa-prod-devices-authorizer",
                "arn": "arn:aws:lambda:ap-southeast-2:458483830777:function:cheapa-prod-accounts-authorizer",
                "resultTtlInSeconds": 300,
                "identitySource": "method.request.header.Authorization",
                "claims": []
              },
              "integration": "AWS_PROXY"
            }
          },
          {
            "http": {
              "path": "devices/{id}",
              "method": "get",
              "cors": {
                "maxAge": 86400,
                "methods": [
                  "OPTIONS",
                  "GET"
                ],
                "allowCredentials": false,
                "headers": [
                  "Content-Type",
                  "X-Amz-Date",
                  "Authorization",
                  "X-Api-Key",
                  "X-Amz-Security-Token",
                  "X-Amz-User-Agent"
                ]
              },
              "authorizer": {
                "name": "cheapa-prod-devices-authorizer",
                "arn": "arn:aws:lambda:ap-southeast-2:458483830777:function:cheapa-prod-accounts-authorizer",
                "resultTtlInSeconds": 300,
                "identitySource": "method.request.header.Authorization",
                "claims": []
              },
              "integration": "AWS_PROXY"
            }
          },
          {
            "http": {
              "path": "devices",
              "method": "post",
              "cors": {
                "maxAge": 86400,
                "methods": [
                  "OPTIONS",
                  "POST"
                ],
                "allowCredentials": false,
                "headers": [
                  "Content-Type",
                  "X-Amz-Date",
                  "Authorization",
                  "X-Api-Key",
                  "X-Amz-Security-Token",
                  "X-Amz-User-Agent"
                ]
              },
              "authorizer": {
                "name": "cheapa-prod-devices-authorizer",
                "arn": "arn:aws:lambda:ap-southeast-2:458483830777:function:cheapa-prod-accounts-authorizer",
                "resultTtlInSeconds": 300,
                "identitySource": "method.request.header.Authorization",
                "claims": []
              },
              "integration": "AWS_PROXY"
            }
          },
          {
            "http": {
              "path": "devices/{id}",
              "method": "put",
              "cors": {
                "maxAge": 86400,
                "methods": [
                  "OPTIONS",
                  "PUT"
                ],
                "allowCredentials": false,
                "headers": [
                  "Content-Type",
                  "X-Amz-Date",
                  "Authorization",
                  "X-Api-Key",
                  "X-Amz-Security-Token",
                  "X-Amz-User-Agent"
                ]
              },
              "authorizer": {
                "name": "cheapa-prod-devices-authorizer",
                "arn": "arn:aws:lambda:ap-southeast-2:458483830777:function:cheapa-prod-accounts-authorizer",
                "resultTtlInSeconds": 300,
                "identitySource": "method.request.header.Authorization",
                "claims": []
              },
              "integration": "AWS_PROXY"
            }
          },
          {
            "http": {
              "path": "devices/{id}",
              "method": "delete",
              "cors": {
                "maxAge": 86400,
                "methods": [
                  "OPTIONS",
                  "DELETE"
                ],
                "allowCredentials": false,
                "headers": [
                  "Content-Type",
                  "X-Amz-Date",
                  "Authorization",
                  "X-Api-Key",
                  "X-Amz-Security-Token",
                  "X-Amz-User-Agent"
                ]
              },
              "authorizer": {
                "name": "cheapa-prod-devices-authorizer",
                "arn": "arn:aws:lambda:ap-southeast-2:458483830777:function:cheapa-prod-accounts-authorizer",
                "resultTtlInSeconds": 300,
                "identitySource": "method.request.header.Authorization",
                "claims": []
              },
              "integration": "AWS_PROXY"
            }
          },
          {
            "http": {
              "path": "devices/{id}/action",
              "method": "post",
              "cors": {
                "maxAge": 86400,
                "methods": [
                  "OPTIONS",
                  "POST"
                ],
                "allowCredentials": false,
                "headers": [
                  "Content-Type",
                  "X-Amz-Date",
                  "Authorization",
                  "X-Api-Key",
                  "X-Amz-Security-Token",
                  "X-Amz-User-Agent"
                ]
              },
              "authorizer": {
                "name": "cheapa-prod-devices-authorizer",
                "arn": "arn:aws:lambda:ap-southeast-2:458483830777:function:cheapa-prod-accounts-authorizer",
                "resultTtlInSeconds": 300,
                "identitySource": "method.request.header.Authorization",
                "claims": []
              },
              "integration": "AWS_PROXY"
            }
          },
          {
            "http": {
              "path": "devices/{id}/reports",
              "method": "get",
              "cors": {
                "maxAge": 86400,
                "methods": [
                  "OPTIONS",
                  "GET"
                ],
                "allowCredentials": false,
                "headers": [
                  "Content-Type",
                  "X-Amz-Date",
                  "Authorization",
                  "X-Api-Key",
                  "X-Amz-Security-Token",
                  "X-Amz-User-Agent"
                ]
              },
              "authorizer": {
                "name": "cheapa-prod-devices-authorizer",
                "arn": "arn:aws:lambda:ap-southeast-2:458483830777:function:cheapa-prod-accounts-authorizer",
                "resultTtlInSeconds": 300,
                "identitySource": "method.request.header.Authorization",
                "claims": []
              },
              "integration": "AWS_PROXY"
            }
          },
          {
            "http": {
              "path": "devices/{id}/reports/{createdAt}",
              "method": "get",
              "cors": {
                "maxAge": 86400,
                "methods": [
                  "OPTIONS",
                  "GET"
                ],
                "allowCredentials": false,
                "headers": [
                  "Content-Type",
                  "X-Amz-Date",
                  "Authorization",
                  "X-Api-Key",
                  "X-Amz-Security-Token",
                  "X-Amz-User-Agent"
                ]
              },
              "authorizer": {
                "name": "cheapa-prod-devices-authorizer",
                "arn": "arn:aws:lambda:ap-southeast-2:458483830777:function:cheapa-prod-accounts-authorizer",
                "resultTtlInSeconds": 300,
                "identitySource": "method.request.header.Authorization",
                "claims": []
              },
              "integration": "AWS_PROXY"
            }
          },
          {
            "http": {
              "path": "devices/{id}/reports",
              "method": "post",
              "cors": {
                "maxAge": 86400,
                "methods": [
                  "OPTIONS",
                  "POST"
                ],
                "allowCredentials": false,
                "headers": [
                  "Content-Type",
                  "X-Amz-Date",
                  "Authorization",
                  "X-Api-Key",
                  "X-Amz-Security-Token",
                  "X-Amz-User-Agent"
                ]
              },
              "integration": "AWS_PROXY"
            }
          }
        ],
        "package": {
          "artifact": ".serverless/devices.zip"
        },
        "memory": 256,
        "timeout": 10,
        "runtime": "nodejs8.10",
        "vpc": {}
      }
    },
    "serviceFilename": "serverless.yml",
    "layers": {}
  },
  "package": {
    "individually": true,
    "artifactDirectoryName": "serverless/cheapa-prod-devices/prod/1570961758013-2019-10-13T10:15:58.013Z",
    "artifact": ""
  }
}