{
  "service": {
    "service": "cheapa-prod-orders",
    "serviceObject": {
      "name": "cheapa-prod-orders"
    },
    "provider": {
      "stage": "prod",
      "variableSyntax": "\\${([ ~:a-zA-Z0-9._@'\",\\-\\/\\(\\)*]+?)}",
      "name": "aws",
      "region": "ap-southeast-2",
      "profile": "cheapa-prod",
      "deploymentBucket": "cheapa-prod-deployment-bucket",
      "runtime": "nodejs8.10",
      "memorySize": 256,
      "timeout": 30,
      "versionFunctions": false,
      "moduleName": "orders",
      "apiGateway": {
        "restApiId": "o5wnzcigwf",
        "restApiRootResourceId": "kayiao6n5b"
      },
      "iamRoleStatements": [
        {
          "Effect": "Allow",
          "Action": [
            "lambda:*",
            "dynamodb:*",
            "cloudwatch:*",
            "logs:*",
            "xray:*",
            "s3:*"
          ],
          "Resource": "*"
        }
      ],
      "environment": {
        "STAGE": "prod",
        "LAMBDA_COGNITO_FUNCTION_ARN": "arn:aws:lambda:ap-southeast-2:458483830777:function:cheapa-prod-accounts-cognito",
        "LAMBDA_PAYMENT_FUNCTION_ARN": "arn:aws:lambda:ap-southeast-2:458483830777:function:cheapa-prod-payment",
        "ORDER_CONFIRM_EMAIL_CONFIRM_URL": "https://platform.cheapacarrental.com/orders/list/%s",
        "ORDER_CONFIRM_EMAIL_ACTIVATE_ACCOUNT_URL": "https://platform.cheapacarrental.com/accounts/newPassword;id=%s;token=%s",
        "ORDER_CONFIRM_TEMPLATE_NAME": "orderConfirm",
        "ORDER_CREATED_TEMPLATE_NAME": "orderCreated",
        "ORDER_RETURNED_TEMPLATE_NAME": "orderReturned",
        "SES_SEND_FUNCTION_ARN": "arn:aws:lambda:us-east-1:458483830777:function:cheapa-prod-ses-send",
        "INFO_EMAIL_ADDRESS": "info@cheapacarrental.com",
        "RECEIVER_EMAIL_ADDRESS": "51lifeau@gmail.com",
        "IMAGES_HOST": "https://d290l6hblrch8l.cloudfront.net",
        "IMAGE_UPLOAD_FUNCTION_ARN": "arn:aws:lambda:ap-southeast-2:458483830777:function:cheapa-prod-images-upload",
        "IMAGE_DELETE_FUNCTION_ARN": "arn:aws:lambda:ap-southeast-2:458483830777:function:cheapa-prod-images-delete",
        "TEST_ACCOUNTS": "51lifeau@gmail.com"
      },
      "remoteFunctionData": null,
      "compiledCloudFormationTemplate": {
        "AWSTemplateFormatVersion": "2010-09-09",
        "Description": "The AWS CloudFormation template for this Serverless application",
        "Resources": {
          "OrdersLogGroup": {
            "Type": "AWS::Logs::LogGroup",
            "Properties": {
              "LogGroupName": "/aws/lambda/cheapa-prod-orders"
            }
          },
          "IamRoleLambdaExecution": {
            "Type": "AWS::IAM::Role",
            "Properties": {
              "AssumeRolePolicyDocument": {
                "Version": "2012-10-17",
                "Statement": [
                  {
                    "Effect": "Allow",
                    "Principal": {
                      "Service": [
                        "lambda.amazonaws.com"
                      ]
                    },
                    "Action": [
                      "sts:AssumeRole"
                    ]
                  }
                ]
              },
              "Policies": [
                {
                  "PolicyName": {
                    "Fn::Join": [
                      "-",
                      [
                        "prod",
                        "cheapa-prod-orders",
                        "lambda"
                      ]
                    ]
                  },
                  "PolicyDocument": {
                    "Version": "2012-10-17",
                    "Statement": [
                      {
                        "Effect": "Allow",
                        "Action": [
                          "logs:CreateLogStream"
                        ],
                        "Resource": [
                          {
                            "Fn::Sub": "arn:${AWS::Partition}:logs:${AWS::Region}:${AWS::AccountId}:log-group:/aws/lambda/cheapa-prod-orders:*"
                          }
                        ]
                      },
                      {
                        "Effect": "Allow",
                        "Action": [
                          "logs:PutLogEvents"
                        ],
                        "Resource": [
                          {
                            "Fn::Sub": "arn:${AWS::Partition}:logs:${AWS::Region}:${AWS::AccountId}:log-group:/aws/lambda/cheapa-prod-orders:*:*"
                          }
                        ]
                      },
                      {
                        "$ref": "$[\"service\"][\"provider\"][\"iamRoleStatements\"][0]"
                      }
                    ]
                  }
                }
              ],
              "Path": "/",
              "RoleName": {
                "Fn::Join": [
                  "-",
                  [
                    "cheapa-prod-orders",
                    "prod",
                    {
                      "Ref": "AWS::Region"
                    },
                    "lambdaRole"
                  ]
                ]
              }
            }
          },
          "OrdersLambdaFunction": {
            "Type": "AWS::Lambda::Function",
            "Properties": {
              "Code": {
                "S3Bucket": "cheapa-prod-deployment-bucket",
                "S3Key": "serverless/cheapa-prod-orders/prod/1571054948969-2019-10-14T12:09:08.969Z/orders.zip"
              },
              "FunctionName": "cheapa-prod-orders",
              "Handler": "Controller.handler",
              "MemorySize": 256,
              "Role": {
                "Fn::GetAtt": [
                  "IamRoleLambdaExecution",
                  "Arn"
                ]
              },
              "Runtime": "nodejs8.10",
              "Timeout": 30,
              "Environment": {
                "Variables": {
                  "STAGE": "prod",
                  "LAMBDA_COGNITO_FUNCTION_ARN": "arn:aws:lambda:ap-southeast-2:458483830777:function:cheapa-prod-accounts-cognito",
                  "LAMBDA_PAYMENT_FUNCTION_ARN": "arn:aws:lambda:ap-southeast-2:458483830777:function:cheapa-prod-payment",
                  "ORDER_CONFIRM_EMAIL_CONFIRM_URL": "https://platform.cheapacarrental.com/orders/list/%s",
                  "ORDER_CONFIRM_EMAIL_ACTIVATE_ACCOUNT_URL": "https://platform.cheapacarrental.com/accounts/newPassword;id=%s;token=%s",
                  "ORDER_CONFIRM_TEMPLATE_NAME": "orderConfirm",
                  "ORDER_CREATED_TEMPLATE_NAME": "orderCreated",
                  "ORDER_RETURNED_TEMPLATE_NAME": "orderReturned",
                  "SES_SEND_FUNCTION_ARN": "arn:aws:lambda:us-east-1:458483830777:function:cheapa-prod-ses-send",
                  "INFO_EMAIL_ADDRESS": "info@cheapacarrental.com",
                  "RECEIVER_EMAIL_ADDRESS": "51lifeau@gmail.com",
                  "IMAGES_HOST": "https://d290l6hblrch8l.cloudfront.net",
                  "IMAGE_UPLOAD_FUNCTION_ARN": "arn:aws:lambda:ap-southeast-2:458483830777:function:cheapa-prod-images-upload",
                  "IMAGE_DELETE_FUNCTION_ARN": "arn:aws:lambda:ap-southeast-2:458483830777:function:cheapa-prod-images-delete",
                  "TEST_ACCOUNTS": "51lifeau@gmail.com"
                }
              }
            },
            "DependsOn": [
              "OrdersLogGroup",
              "IamRoleLambdaExecution"
            ]
          },
          "ApiGatewayResourceOrders": {
            "Type": "AWS::ApiGateway::Resource",
            "Properties": {
              "ParentId": "kayiao6n5b",
              "PathPart": "orders",
              "RestApiId": "o5wnzcigwf"
            }
          },
          "ApiGatewayResourceOrdersIdVar": {
            "Type": "AWS::ApiGateway::Resource",
            "Properties": {
              "ParentId": {
                "Ref": "ApiGatewayResourceOrders"
              },
              "PathPart": "{id}",
              "RestApiId": "o5wnzcigwf"
            }
          },
          "ApiGatewayResourceOrdersIdVarVehicleimages": {
            "Type": "AWS::ApiGateway::Resource",
            "Properties": {
              "ParentId": {
                "Ref": "ApiGatewayResourceOrdersIdVar"
              },
              "PathPart": "vehicleImages",
              "RestApiId": "o5wnzcigwf"
            }
          },
          "ApiGatewayResourceOrdersIdVarSignature": {
            "Type": "AWS::ApiGateway::Resource",
            "Properties": {
              "ParentId": {
                "Ref": "ApiGatewayResourceOrdersIdVar"
              },
              "PathPart": "signature",
              "RestApiId": "o5wnzcigwf"
            }
          },
          "ApiGatewayResourceOrdersIdVarDriverlicenses": {
            "Type": "AWS::ApiGateway::Resource",
            "Properties": {
              "ParentId": {
                "Ref": "ApiGatewayResourceOrdersIdVar"
              },
              "PathPart": "driverLicenses",
              "RestApiId": "o5wnzcigwf"
            }
          },
          "ApiGatewayResourceOrdersIdVarConfirmemail": {
            "Type": "AWS::ApiGateway::Resource",
            "Properties": {
              "ParentId": {
                "Ref": "ApiGatewayResourceOrdersIdVar"
              },
              "PathPart": "confirmEmail",
              "RestApiId": "o5wnzcigwf"
            }
          },
          "ApiGatewayResourceOrdersIdVarReturn": {
            "Type": "AWS::ApiGateway::Resource",
            "Properties": {
              "ParentId": {
                "Ref": "ApiGatewayResourceOrdersIdVar"
              },
              "PathPart": "return",
              "RestApiId": "o5wnzcigwf"
            }
          },
          "ApiGatewayResourceOrdersStatus": {
            "Type": "AWS::ApiGateway::Resource",
            "Properties": {
              "ParentId": {
                "Ref": "ApiGatewayResourceOrders"
              },
              "PathPart": "status",
              "RestApiId": "o5wnzcigwf"
            }
          },
          "ApiGatewayResourceOrdersBooking": {
            "Type": "AWS::ApiGateway::Resource",
            "Properties": {
              "ParentId": {
                "Ref": "ApiGatewayResourceOrders"
              },
              "PathPart": "booking",
              "RestApiId": "o5wnzcigwf"
            }
          },
          "ApiGatewayMethodOrdersOptions": {
            "Type": "AWS::ApiGateway::Method",
            "Properties": {
              "AuthorizationType": "NONE",
              "HttpMethod": "OPTIONS",
              "MethodResponses": [
                {
                  "StatusCode": "200",
                  "ResponseParameters": {
                    "method.response.header.Access-Control-Allow-Origin": true,
                    "method.response.header.Access-Control-Allow-Headers": true,
                    "method.response.header.Access-Control-Allow-Methods": true,
                    "method.response.header.Access-Control-Allow-Credentials": true,
                    "method.response.header.Access-Control-Max-Age": true
                  },
                  "ResponseModels": {}
                }
              ],
              "RequestParameters": {},
              "Integration": {
                "Type": "MOCK",
                "RequestTemplates": {
                  "application/json": "{statusCode:200}"
                },
                "ContentHandling": "CONVERT_TO_TEXT",
                "IntegrationResponses": [
                  {
                    "StatusCode": "200",
                    "ResponseParameters": {
                      "method.response.header.Access-Control-Allow-Origin": "'*'",
                      "method.response.header.Access-Control-Allow-Headers": "'Content-Type,X-Amz-Date,Authorization,X-Api-Key,X-Amz-Security-Token,X-Amz-User-Agent'",
                      "method.response.header.Access-Control-Allow-Methods": "'OPTIONS,POST,GET'",
                      "method.response.header.Access-Control-Allow-Credentials": "'false'",
                      "method.response.header.Access-Control-Max-Age": "'86400'"
                    },
                    "ResponseTemplates": {
                      "application/json": ""
                    }
                  }
                ]
              },
              "ResourceId": {
                "Ref": "ApiGatewayResourceOrders"
              },
              "RestApiId": "o5wnzcigwf"
            }
          },
          "ApiGatewayMethodOrdersIdVarOptions": {
            "Type": "AWS::ApiGateway::Method",
            "Properties": {
              "AuthorizationType": "NONE",
              "HttpMethod": "OPTIONS",
              "MethodResponses": [
                {
                  "StatusCode": "200",
                  "ResponseParameters": {
                    "method.response.header.Access-Control-Allow-Origin": true,
                    "method.response.header.Access-Control-Allow-Headers": true,
                    "method.response.header.Access-Control-Allow-Methods": true,
                    "method.response.header.Access-Control-Allow-Credentials": true,
                    "method.response.header.Access-Control-Max-Age": true
                  },
                  "ResponseModels": {}
                }
              ],
              "RequestParameters": {},
              "Integration": {
                "Type": "MOCK",
                "RequestTemplates": {
                  "application/json": "{statusCode:200}"
                },
                "ContentHandling": "CONVERT_TO_TEXT",
                "IntegrationResponses": [
                  {
                    "StatusCode": "200",
                    "ResponseParameters": {
                      "method.response.header.Access-Control-Allow-Origin": "'*'",
                      "method.response.header.Access-Control-Allow-Headers": "'Content-Type,X-Amz-Date,Authorization,X-Api-Key,X-Amz-Security-Token,X-Amz-User-Agent'",
                      "method.response.header.Access-Control-Allow-Methods": "'OPTIONS,DELETE,PUT,GET'",
                      "method.response.header.Access-Control-Allow-Credentials": "'false'",
                      "method.response.header.Access-Control-Max-Age": "'86400'"
                    },
                    "ResponseTemplates": {
                      "application/json": ""
                    }
                  }
                ]
              },
              "ResourceId": {
                "Ref": "ApiGatewayResourceOrdersIdVar"
              },
              "RestApiId": "o5wnzcigwf"
            }
          },
          "ApiGatewayMethodOrdersIdVarVehicleimagesOptions": {
            "Type": "AWS::ApiGateway::Method",
            "Properties": {
              "AuthorizationType": "NONE",
              "HttpMethod": "OPTIONS",
              "MethodResponses": [
                {
                  "StatusCode": "200",
                  "ResponseParameters": {
                    "method.response.header.Access-Control-Allow-Origin": true,
                    "method.response.header.Access-Control-Allow-Headers": true,
                    "method.response.header.Access-Control-Allow-Methods": true,
                    "method.response.header.Access-Control-Allow-Credentials": true,
                    "method.response.header.Access-Control-Max-Age": true
                  },
                  "ResponseModels": {}
                }
              ],
              "RequestParameters": {},
              "Integration": {
                "Type": "MOCK",
                "RequestTemplates": {
                  "application/json": "{statusCode:200}"
                },
                "ContentHandling": "CONVERT_TO_TEXT",
                "IntegrationResponses": [
                  {
                    "StatusCode": "200",
                    "ResponseParameters": {
                      "method.response.header.Access-Control-Allow-Origin": "'*'",
                      "method.response.header.Access-Control-Allow-Headers": "'Content-Type,X-Amz-Date,Authorization,X-Api-Key,X-Amz-Security-Token,X-Amz-User-Agent'",
                      "method.response.header.Access-Control-Allow-Methods": "'OPTIONS,DELETE,POST'",
                      "method.response.header.Access-Control-Allow-Credentials": "'false'",
                      "method.response.header.Access-Control-Max-Age": "'86400'"
                    },
                    "ResponseTemplates": {
                      "application/json": ""
                    }
                  }
                ]
              },
              "ResourceId": {
                "Ref": "ApiGatewayResourceOrdersIdVarVehicleimages"
              },
              "RestApiId": "o5wnzcigwf"
            }
          },
          "ApiGatewayMethodOrdersIdVarSignatureOptions": {
            "Type": "AWS::ApiGateway::Method",
            "Properties": {
              "AuthorizationType": "NONE",
              "HttpMethod": "OPTIONS",
              "MethodResponses": [
                {
                  "StatusCode": "200",
                  "ResponseParameters": {
                    "method.response.header.Access-Control-Allow-Origin": true,
                    "method.response.header.Access-Control-Allow-Headers": true,
                    "method.response.header.Access-Control-Allow-Methods": true,
                    "method.response.header.Access-Control-Allow-Credentials": true,
                    "method.response.header.Access-Control-Max-Age": true
                  },
                  "ResponseModels": {}
                }
              ],
              "RequestParameters": {},
              "Integration": {
                "Type": "MOCK",
                "RequestTemplates": {
                  "application/json": "{statusCode:200}"
                },
                "ContentHandling": "CONVERT_TO_TEXT",
                "IntegrationResponses": [
                  {
                    "StatusCode": "200",
                    "ResponseParameters": {
                      "method.response.header.Access-Control-Allow-Origin": "'*'",
                      "method.response.header.Access-Control-Allow-Headers": "'Content-Type,X-Amz-Date,Authorization,X-Api-Key,X-Amz-Security-Token,X-Amz-User-Agent'",
                      "method.response.header.Access-Control-Allow-Methods": "'OPTIONS,POST'",
                      "method.response.header.Access-Control-Allow-Credentials": "'false'",
                      "method.response.header.Access-Control-Max-Age": "'86400'"
                    },
                    "ResponseTemplates": {
                      "application/json": ""
                    }
                  }
                ]
              },
              "ResourceId": {
                "Ref": "ApiGatewayResourceOrdersIdVarSignature"
              },
              "RestApiId": "o5wnzcigwf"
            }
          },
          "ApiGatewayMethodOrdersIdVarDriverlicensesOptions": {
            "Type": "AWS::ApiGateway::Method",
            "Properties": {
              "AuthorizationType": "NONE",
              "HttpMethod": "OPTIONS",
              "MethodResponses": [
                {
                  "StatusCode": "200",
                  "ResponseParameters": {
                    "method.response.header.Access-Control-Allow-Origin": true,
                    "method.response.header.Access-Control-Allow-Headers": true,
                    "method.response.header.Access-Control-Allow-Methods": true,
                    "method.response.header.Access-Control-Allow-Credentials": true,
                    "method.response.header.Access-Control-Max-Age": true
                  },
                  "ResponseModels": {}
                }
              ],
              "RequestParameters": {},
              "Integration": {
                "Type": "MOCK",
                "RequestTemplates": {
                  "application/json": "{statusCode:200}"
                },
                "ContentHandling": "CONVERT_TO_TEXT",
                "IntegrationResponses": [
                  {
                    "StatusCode": "200",
                    "ResponseParameters": {
                      "method.response.header.Access-Control-Allow-Origin": "'*'",
                      "method.response.header.Access-Control-Allow-Headers": "'Content-Type,X-Amz-Date,Authorization,X-Api-Key,X-Amz-Security-Token,X-Amz-User-Agent'",
                      "method.response.header.Access-Control-Allow-Methods": "'OPTIONS,DELETE,POST'",
                      "method.response.header.Access-Control-Allow-Credentials": "'false'",
                      "method.response.header.Access-Control-Max-Age": "'86400'"
                    },
                    "ResponseTemplates": {
                      "application/json": ""
                    }
                  }
                ]
              },
              "ResourceId": {
                "Ref": "ApiGatewayResourceOrdersIdVarDriverlicenses"
              },
              "RestApiId": "o5wnzcigwf"
            }
          },
          "ApiGatewayMethodOrdersIdVarConfirmemailOptions": {
            "Type": "AWS::ApiGateway::Method",
            "Properties": {
              "AuthorizationType": "NONE",
              "HttpMethod": "OPTIONS",
              "MethodResponses": [
                {
                  "StatusCode": "200",
                  "ResponseParameters": {
                    "method.response.header.Access-Control-Allow-Origin": true,
                    "method.response.header.Access-Control-Allow-Headers": true,
                    "method.response.header.Access-Control-Allow-Methods": true,
                    "method.response.header.Access-Control-Allow-Credentials": true,
                    "method.response.header.Access-Control-Max-Age": true
                  },
                  "ResponseModels": {}
                }
              ],
              "RequestParameters": {},
              "Integration": {
                "Type": "MOCK",
                "RequestTemplates": {
                  "application/json": "{statusCode:200}"
                },
                "ContentHandling": "CONVERT_TO_TEXT",
                "IntegrationResponses": [
                  {
                    "StatusCode": "200",
                    "ResponseParameters": {
                      "method.response.header.Access-Control-Allow-Origin": "'*'",
                      "method.response.header.Access-Control-Allow-Headers": "'Content-Type,X-Amz-Date,Authorization,X-Api-Key,X-Amz-Security-Token,X-Amz-User-Agent'",
                      "method.response.header.Access-Control-Allow-Methods": "'OPTIONS,POST'",
                      "method.response.header.Access-Control-Allow-Credentials": "'false'",
                      "method.response.header.Access-Control-Max-Age": "'86400'"
                    },
                    "ResponseTemplates": {
                      "application/json": ""
                    }
                  }
                ]
              },
              "ResourceId": {
                "Ref": "ApiGatewayResourceOrdersIdVarConfirmemail"
              },
              "RestApiId": "o5wnzcigwf"
            }
          },
          "ApiGatewayMethodOrdersIdVarReturnOptions": {
            "Type": "AWS::ApiGateway::Method",
            "Properties": {
              "AuthorizationType": "NONE",
              "HttpMethod": "OPTIONS",
              "MethodResponses": [
                {
                  "StatusCode": "200",
                  "ResponseParameters": {
                    "method.response.header.Access-Control-Allow-Origin": true,
                    "method.response.header.Access-Control-Allow-Headers": true,
                    "method.response.header.Access-Control-Allow-Methods": true,
                    "method.response.header.Access-Control-Allow-Credentials": true,
                    "method.response.header.Access-Control-Max-Age": true
                  },
                  "ResponseModels": {}
                }
              ],
              "RequestParameters": {},
              "Integration": {
                "Type": "MOCK",
                "RequestTemplates": {
                  "application/json": "{statusCode:200}"
                },
                "ContentHandling": "CONVERT_TO_TEXT",
                "IntegrationResponses": [
                  {
                    "StatusCode": "200",
                    "ResponseParameters": {
                      "method.response.header.Access-Control-Allow-Origin": "'*'",
                      "method.response.header.Access-Control-Allow-Headers": "'Content-Type,X-Amz-Date,Authorization,X-Api-Key,X-Amz-Security-Token,X-Amz-User-Agent'",
                      "method.response.header.Access-Control-Allow-Methods": "'OPTIONS,POST'",
                      "method.response.header.Access-Control-Allow-Credentials": "'false'",
                      "method.response.header.Access-Control-Max-Age": "'86400'"
                    },
                    "ResponseTemplates": {
                      "application/json": ""
                    }
                  }
                ]
              },
              "ResourceId": {
                "Ref": "ApiGatewayResourceOrdersIdVarReturn"
              },
              "RestApiId": "o5wnzcigwf"
            }
          },
          "ApiGatewayMethodOrdersStatusOptions": {
            "Type": "AWS::ApiGateway::Method",
            "Properties": {
              "AuthorizationType": "NONE",
              "HttpMethod": "OPTIONS",
              "MethodResponses": [
                {
                  "StatusCode": "200",
                  "ResponseParameters": {
                    "method.response.header.Access-Control-Allow-Origin": true,
                    "method.response.header.Access-Control-Allow-Headers": true,
                    "method.response.header.Access-Control-Allow-Methods": true,
                    "method.response.header.Access-Control-Allow-Credentials": true,
                    "method.response.header.Access-Control-Max-Age": true
                  },
                  "ResponseModels": {}
                }
              ],
              "RequestParameters": {},
              "Integration": {
                "Type": "MOCK",
                "RequestTemplates": {
                  "application/json": "{statusCode:200}"
                },
                "ContentHandling": "CONVERT_TO_TEXT",
                "IntegrationResponses": [
                  {
                    "StatusCode": "200",
                    "ResponseParameters": {
                      "method.response.header.Access-Control-Allow-Origin": "'*'",
                      "method.response.header.Access-Control-Allow-Headers": "'Content-Type,X-Amz-Date,Authorization,X-Api-Key,X-Amz-Security-Token,X-Amz-User-Agent'",
                      "method.response.header.Access-Control-Allow-Methods": "'OPTIONS,POST'",
                      "method.response.header.Access-Control-Allow-Credentials": "'false'",
                      "method.response.header.Access-Control-Max-Age": "'86400'"
                    },
                    "ResponseTemplates": {
                      "application/json": ""
                    }
                  }
                ]
              },
              "ResourceId": {
                "Ref": "ApiGatewayResourceOrdersStatus"
              },
              "RestApiId": "o5wnzcigwf"
            }
          },
          "ApiGatewayMethodOrdersBookingOptions": {
            "Type": "AWS::ApiGateway::Method",
            "Properties": {
              "AuthorizationType": "NONE",
              "HttpMethod": "OPTIONS",
              "MethodResponses": [
                {
                  "StatusCode": "200",
                  "ResponseParameters": {
                    "method.response.header.Access-Control-Allow-Origin": true,
                    "method.response.header.Access-Control-Allow-Headers": true,
                    "method.response.header.Access-Control-Allow-Methods": true,
                    "method.response.header.Access-Control-Allow-Credentials": true,
                    "method.response.header.Access-Control-Max-Age": true
                  },
                  "ResponseModels": {}
                }
              ],
              "RequestParameters": {},
              "Integration": {
                "Type": "MOCK",
                "RequestTemplates": {
                  "application/json": "{statusCode:200}"
                },
                "ContentHandling": "CONVERT_TO_TEXT",
                "IntegrationResponses": [
                  {
                    "StatusCode": "200",
                    "ResponseParameters": {
                      "method.response.header.Access-Control-Allow-Origin": "'*'",
                      "method.response.header.Access-Control-Allow-Headers": "'Content-Type,X-Amz-Date,Authorization,X-Api-Key,X-Amz-Security-Token,X-Amz-User-Agent'",
                      "method.response.header.Access-Control-Allow-Methods": "'OPTIONS,POST'",
                      "method.response.header.Access-Control-Allow-Credentials": "'false'",
                      "method.response.header.Access-Control-Max-Age": "'86400'"
                    },
                    "ResponseTemplates": {
                      "application/json": ""
                    }
                  }
                ]
              },
              "ResourceId": {
                "Ref": "ApiGatewayResourceOrdersBooking"
              },
              "RestApiId": "o5wnzcigwf"
            }
          },
          "ApiGatewayMethodOrdersGet": {
            "Type": "AWS::ApiGateway::Method",
            "Properties": {
              "HttpMethod": "GET",
              "RequestParameters": {},
              "ResourceId": {
                "Ref": "ApiGatewayResourceOrders"
              },
              "RestApiId": "o5wnzcigwf",
              "ApiKeyRequired": false,
              "AuthorizationType": "CUSTOM",
              "AuthorizerId": {
                "Ref": "CheapaDashprodDashordersDashauthorizerApiGatewayAuthorizer"
              },
              "Integration": {
                "IntegrationHttpMethod": "POST",
                "Type": "AWS_PROXY",
                "Uri": {
                  "Fn::Join": [
                    "",
                    [
                      "arn:",
                      {
                        "Ref": "AWS::Partition"
                      },
                      ":apigateway:",
                      {
                        "Ref": "AWS::Region"
                      },
                      ":lambda:path/2015-03-31/functions/",
                      {
                        "Fn::GetAtt": [
                          "OrdersLambdaFunction",
                          "Arn"
                        ]
                      },
                      "/invocations"
                    ]
                  ]
                }
              },
              "MethodResponses": []
            },
            "DependsOn": "CheapaDashprodDashordersDashauthorizerApiGatewayAuthorizer"
          },
          "ApiGatewayMethodOrdersIdVarGet": {
            "Type": "AWS::ApiGateway::Method",
            "Properties": {
              "HttpMethod": "GET",
              "RequestParameters": {},
              "ResourceId": {
                "Ref": "ApiGatewayResourceOrdersIdVar"
              },
              "RestApiId": "o5wnzcigwf",
              "ApiKeyRequired": false,
              "AuthorizationType": "CUSTOM",
              "AuthorizerId": {
                "Ref": "CheapaDashprodDashordersDashauthorizerApiGatewayAuthorizer"
              },
              "Integration": {
                "IntegrationHttpMethod": "POST",
                "Type": "AWS_PROXY",
                "Uri": {
                  "Fn::Join": [
                    "",
                    [
                      "arn:",
                      {
                        "Ref": "AWS::Partition"
                      },
                      ":apigateway:",
                      {
                        "Ref": "AWS::Region"
                      },
                      ":lambda:path/2015-03-31/functions/",
                      {
                        "Fn::GetAtt": [
                          "OrdersLambdaFunction",
                          "Arn"
                        ]
                      },
                      "/invocations"
                    ]
                  ]
                }
              },
              "MethodResponses": []
            },
            "DependsOn": "CheapaDashprodDashordersDashauthorizerApiGatewayAuthorizer"
          },
          "ApiGatewayMethodOrdersPost": {
            "Type": "AWS::ApiGateway::Method",
            "Properties": {
              "HttpMethod": "POST",
              "RequestParameters": {},
              "ResourceId": {
                "Ref": "ApiGatewayResourceOrders"
              },
              "RestApiId": "o5wnzcigwf",
              "ApiKeyRequired": false,
              "AuthorizationType": "CUSTOM",
              "AuthorizerId": {
                "Ref": "CheapaDashprodDashordersDashauthorizerApiGatewayAuthorizer"
              },
              "Integration": {
                "IntegrationHttpMethod": "POST",
                "Type": "AWS_PROXY",
                "Uri": {
                  "Fn::Join": [
                    "",
                    [
                      "arn:",
                      {
                        "Ref": "AWS::Partition"
                      },
                      ":apigateway:",
                      {
                        "Ref": "AWS::Region"
                      },
                      ":lambda:path/2015-03-31/functions/",
                      {
                        "Fn::GetAtt": [
                          "OrdersLambdaFunction",
                          "Arn"
                        ]
                      },
                      "/invocations"
                    ]
                  ]
                }
              },
              "MethodResponses": []
            },
            "DependsOn": "CheapaDashprodDashordersDashauthorizerApiGatewayAuthorizer"
          },
          "ApiGatewayMethodOrdersIdVarPut": {
            "Type": "AWS::ApiGateway::Method",
            "Properties": {
              "HttpMethod": "PUT",
              "RequestParameters": {},
              "ResourceId": {
                "Ref": "ApiGatewayResourceOrdersIdVar"
              },
              "RestApiId": "o5wnzcigwf",
              "ApiKeyRequired": false,
              "AuthorizationType": "CUSTOM",
              "AuthorizerId": {
                "Ref": "CheapaDashprodDashordersDashauthorizerApiGatewayAuthorizer"
              },
              "Integration": {
                "IntegrationHttpMethod": "POST",
                "Type": "AWS_PROXY",
                "Uri": {
                  "Fn::Join": [
                    "",
                    [
                      "arn:",
                      {
                        "Ref": "AWS::Partition"
                      },
                      ":apigateway:",
                      {
                        "Ref": "AWS::Region"
                      },
                      ":lambda:path/2015-03-31/functions/",
                      {
                        "Fn::GetAtt": [
                          "OrdersLambdaFunction",
                          "Arn"
                        ]
                      },
                      "/invocations"
                    ]
                  ]
                }
              },
              "MethodResponses": []
            },
            "DependsOn": "CheapaDashprodDashordersDashauthorizerApiGatewayAuthorizer"
          },
          "ApiGatewayMethodOrdersIdVarDelete": {
            "Type": "AWS::ApiGateway::Method",
            "Properties": {
              "HttpMethod": "DELETE",
              "RequestParameters": {},
              "ResourceId": {
                "Ref": "ApiGatewayResourceOrdersIdVar"
              },
              "RestApiId": "o5wnzcigwf",
              "ApiKeyRequired": false,
              "AuthorizationType": "CUSTOM",
              "AuthorizerId": {
                "Ref": "CheapaDashprodDashordersDashauthorizerApiGatewayAuthorizer"
              },
              "Integration": {
                "IntegrationHttpMethod": "POST",
                "Type": "AWS_PROXY",
                "Uri": {
                  "Fn::Join": [
                    "",
                    [
                      "arn:",
                      {
                        "Ref": "AWS::Partition"
                      },
                      ":apigateway:",
                      {
                        "Ref": "AWS::Region"
                      },
                      ":lambda:path/2015-03-31/functions/",
                      {
                        "Fn::GetAtt": [
                          "OrdersLambdaFunction",
                          "Arn"
                        ]
                      },
                      "/invocations"
                    ]
                  ]
                }
              },
              "MethodResponses": []
            },
            "DependsOn": "CheapaDashprodDashordersDashauthorizerApiGatewayAuthorizer"
          },
          "ApiGatewayMethodOrdersIdVarVehicleimagesPost": {
            "Type": "AWS::ApiGateway::Method",
            "Properties": {
              "HttpMethod": "POST",
              "RequestParameters": {},
              "ResourceId": {
                "Ref": "ApiGatewayResourceOrdersIdVarVehicleimages"
              },
              "RestApiId": "o5wnzcigwf",
              "ApiKeyRequired": false,
              "AuthorizationType": "CUSTOM",
              "AuthorizerId": {
                "Ref": "CheapaDashprodDashordersDashauthorizerApiGatewayAuthorizer"
              },
              "Integration": {
                "IntegrationHttpMethod": "POST",
                "Type": "AWS_PROXY",
                "Uri": {
                  "Fn::Join": [
                    "",
                    [
                      "arn:",
                      {
                        "Ref": "AWS::Partition"
                      },
                      ":apigateway:",
                      {
                        "Ref": "AWS::Region"
                      },
                      ":lambda:path/2015-03-31/functions/",
                      {
                        "Fn::GetAtt": [
                          "OrdersLambdaFunction",
                          "Arn"
                        ]
                      },
                      "/invocations"
                    ]
                  ]
                }
              },
              "MethodResponses": []
            },
            "DependsOn": "CheapaDashprodDashordersDashauthorizerApiGatewayAuthorizer"
          },
          "ApiGatewayMethodOrdersIdVarVehicleimagesDelete": {
            "Type": "AWS::ApiGateway::Method",
            "Properties": {
              "HttpMethod": "DELETE",
              "RequestParameters": {},
              "ResourceId": {
                "Ref": "ApiGatewayResourceOrdersIdVarVehicleimages"
              },
              "RestApiId": "o5wnzcigwf",
              "ApiKeyRequired": false,
              "AuthorizationType": "CUSTOM",
              "AuthorizerId": {
                "Ref": "CheapaDashprodDashordersDashauthorizerApiGatewayAuthorizer"
              },
              "Integration": {
                "IntegrationHttpMethod": "POST",
                "Type": "AWS_PROXY",
                "Uri": {
                  "Fn::Join": [
                    "",
                    [
                      "arn:",
                      {
                        "Ref": "AWS::Partition"
                      },
                      ":apigateway:",
                      {
                        "Ref": "AWS::Region"
                      },
                      ":lambda:path/2015-03-31/functions/",
                      {
                        "Fn::GetAtt": [
                          "OrdersLambdaFunction",
                          "Arn"
                        ]
                      },
                      "/invocations"
                    ]
                  ]
                }
              },
              "MethodResponses": []
            },
            "DependsOn": "CheapaDashprodDashordersDashauthorizerApiGatewayAuthorizer"
          },
          "ApiGatewayMethodOrdersIdVarSignaturePost": {
            "Type": "AWS::ApiGateway::Method",
            "Properties": {
              "HttpMethod": "POST",
              "RequestParameters": {},
              "ResourceId": {
                "Ref": "ApiGatewayResourceOrdersIdVarSignature"
              },
              "RestApiId": "o5wnzcigwf",
              "ApiKeyRequired": false,
              "AuthorizationType": "CUSTOM",
              "AuthorizerId": {
                "Ref": "CheapaDashprodDashordersDashauthorizerApiGatewayAuthorizer"
              },
              "Integration": {
                "IntegrationHttpMethod": "POST",
                "Type": "AWS_PROXY",
                "Uri": {
                  "Fn::Join": [
                    "",
                    [
                      "arn:",
                      {
                        "Ref": "AWS::Partition"
                      },
                      ":apigateway:",
                      {
                        "Ref": "AWS::Region"
                      },
                      ":lambda:path/2015-03-31/functions/",
                      {
                        "Fn::GetAtt": [
                          "OrdersLambdaFunction",
                          "Arn"
                        ]
                      },
                      "/invocations"
                    ]
                  ]
                }
              },
              "MethodResponses": []
            },
            "DependsOn": "CheapaDashprodDashordersDashauthorizerApiGatewayAuthorizer"
          },
          "ApiGatewayMethodOrdersIdVarDriverlicensesPost": {
            "Type": "AWS::ApiGateway::Method",
            "Properties": {
              "HttpMethod": "POST",
              "RequestParameters": {},
              "ResourceId": {
                "Ref": "ApiGatewayResourceOrdersIdVarDriverlicenses"
              },
              "RestApiId": "o5wnzcigwf",
              "ApiKeyRequired": false,
              "AuthorizationType": "CUSTOM",
              "AuthorizerId": {
                "Ref": "CheapaDashprodDashordersDashauthorizerApiGatewayAuthorizer"
              },
              "Integration": {
                "IntegrationHttpMethod": "POST",
                "Type": "AWS_PROXY",
                "Uri": {
                  "Fn::Join": [
                    "",
                    [
                      "arn:",
                      {
                        "Ref": "AWS::Partition"
                      },
                      ":apigateway:",
                      {
                        "Ref": "AWS::Region"
                      },
                      ":lambda:path/2015-03-31/functions/",
                      {
                        "Fn::GetAtt": [
                          "OrdersLambdaFunction",
                          "Arn"
                        ]
                      },
                      "/invocations"
                    ]
                  ]
                }
              },
              "MethodResponses": []
            },
            "DependsOn": "CheapaDashprodDashordersDashauthorizerApiGatewayAuthorizer"
          },
          "ApiGatewayMethodOrdersIdVarDriverlicensesDelete": {
            "Type": "AWS::ApiGateway::Method",
            "Properties": {
              "HttpMethod": "DELETE",
              "RequestParameters": {},
              "ResourceId": {
                "Ref": "ApiGatewayResourceOrdersIdVarDriverlicenses"
              },
              "RestApiId": "o5wnzcigwf",
              "ApiKeyRequired": false,
              "AuthorizationType": "CUSTOM",
              "AuthorizerId": {
                "Ref": "CheapaDashprodDashordersDashauthorizerApiGatewayAuthorizer"
              },
              "Integration": {
                "IntegrationHttpMethod": "POST",
                "Type": "AWS_PROXY",
                "Uri": {
                  "Fn::Join": [
                    "",
                    [
                      "arn:",
                      {
                        "Ref": "AWS::Partition"
                      },
                      ":apigateway:",
                      {
                        "Ref": "AWS::Region"
                      },
                      ":lambda:path/2015-03-31/functions/",
                      {
                        "Fn::GetAtt": [
                          "OrdersLambdaFunction",
                          "Arn"
                        ]
                      },
                      "/invocations"
                    ]
                  ]
                }
              },
              "MethodResponses": []
            },
            "DependsOn": "CheapaDashprodDashordersDashauthorizerApiGatewayAuthorizer"
          },
          "ApiGatewayMethodOrdersIdVarConfirmemailPost": {
            "Type": "AWS::ApiGateway::Method",
            "Properties": {
              "HttpMethod": "POST",
              "RequestParameters": {},
              "ResourceId": {
                "Ref": "ApiGatewayResourceOrdersIdVarConfirmemail"
              },
              "RestApiId": "o5wnzcigwf",
              "ApiKeyRequired": false,
              "AuthorizationType": "CUSTOM",
              "AuthorizerId": {
                "Ref": "CheapaDashprodDashordersDashauthorizerApiGatewayAuthorizer"
              },
              "Integration": {
                "IntegrationHttpMethod": "POST",
                "Type": "AWS_PROXY",
                "Uri": {
                  "Fn::Join": [
                    "",
                    [
                      "arn:",
                      {
                        "Ref": "AWS::Partition"
                      },
                      ":apigateway:",
                      {
                        "Ref": "AWS::Region"
                      },
                      ":lambda:path/2015-03-31/functions/",
                      {
                        "Fn::GetAtt": [
                          "OrdersLambdaFunction",
                          "Arn"
                        ]
                      },
                      "/invocations"
                    ]
                  ]
                }
              },
              "MethodResponses": []
            },
            "DependsOn": "CheapaDashprodDashordersDashauthorizerApiGatewayAuthorizer"
          },
          "ApiGatewayMethodOrdersIdVarReturnPost": {
            "Type": "AWS::ApiGateway::Method",
            "Properties": {
              "HttpMethod": "POST",
              "RequestParameters": {},
              "ResourceId": {
                "Ref": "ApiGatewayResourceOrdersIdVarReturn"
              },
              "RestApiId": "o5wnzcigwf",
              "ApiKeyRequired": false,
              "AuthorizationType": "CUSTOM",
              "AuthorizerId": {
                "Ref": "CheapaDashprodDashordersDashauthorizerApiGatewayAuthorizer"
              },
              "Integration": {
                "IntegrationHttpMethod": "POST",
                "Type": "AWS_PROXY",
                "Uri": {
                  "Fn::Join": [
                    "",
                    [
                      "arn:",
                      {
                        "Ref": "AWS::Partition"
                      },
                      ":apigateway:",
                      {
                        "Ref": "AWS::Region"
                      },
                      ":lambda:path/2015-03-31/functions/",
                      {
                        "Fn::GetAtt": [
                          "OrdersLambdaFunction",
                          "Arn"
                        ]
                      },
                      "/invocations"
                    ]
                  ]
                }
              },
              "MethodResponses": []
            },
            "DependsOn": "CheapaDashprodDashordersDashauthorizerApiGatewayAuthorizer"
          },
          "ApiGatewayMethodOrdersStatusPost": {
            "Type": "AWS::ApiGateway::Method",
            "Properties": {
              "HttpMethod": "POST",
              "RequestParameters": {},
              "ResourceId": {
                "Ref": "ApiGatewayResourceOrdersStatus"
              },
              "RestApiId": "o5wnzcigwf",
              "ApiKeyRequired": false,
              "AuthorizationType": "CUSTOM",
              "AuthorizerId": {
                "Ref": "CheapaDashprodDashordersDashauthorizerApiGatewayAuthorizer"
              },
              "Integration": {
                "IntegrationHttpMethod": "POST",
                "Type": "AWS_PROXY",
                "Uri": {
                  "Fn::Join": [
                    "",
                    [
                      "arn:",
                      {
                        "Ref": "AWS::Partition"
                      },
                      ":apigateway:",
                      {
                        "Ref": "AWS::Region"
                      },
                      ":lambda:path/2015-03-31/functions/",
                      {
                        "Fn::GetAtt": [
                          "OrdersLambdaFunction",
                          "Arn"
                        ]
                      },
                      "/invocations"
                    ]
                  ]
                }
              },
              "MethodResponses": []
            },
            "DependsOn": "CheapaDashprodDashordersDashauthorizerApiGatewayAuthorizer"
          },
          "ApiGatewayMethodOrdersBookingPost": {
            "Type": "AWS::ApiGateway::Method",
            "Properties": {
              "HttpMethod": "POST",
              "RequestParameters": {},
              "ResourceId": {
                "Ref": "ApiGatewayResourceOrdersBooking"
              },
              "RestApiId": "o5wnzcigwf",
              "ApiKeyRequired": false,
              "AuthorizationType": "NONE",
              "Integration": {
                "IntegrationHttpMethod": "POST",
                "Type": "AWS_PROXY",
                "Uri": {
                  "Fn::Join": [
                    "",
                    [
                      "arn:",
                      {
                        "Ref": "AWS::Partition"
                      },
                      ":apigateway:",
                      {
                        "Ref": "AWS::Region"
                      },
                      ":lambda:path/2015-03-31/functions/",
                      {
                        "Fn::GetAtt": [
                          "OrdersLambdaFunction",
                          "Arn"
                        ]
                      },
                      "/invocations"
                    ]
                  ]
                }
              },
              "MethodResponses": []
            }
          },
          "CheapaDashprodDashordersDashauthorizerApiGatewayAuthorizer": {
            "Type": "AWS::ApiGateway::Authorizer",
            "Properties": {
              "AuthorizerResultTtlInSeconds": 300,
              "IdentitySource": "method.request.header.Authorization",
              "Name": "cheapa-prod-orders-authorizer",
              "RestApiId": "o5wnzcigwf",
              "AuthorizerUri": {
                "Fn::Join": [
                  "",
                  [
                    "arn:",
                    {
                      "Ref": "AWS::Partition"
                    },
                    ":apigateway:",
                    {
                      "Ref": "AWS::Region"
                    },
                    ":lambda:path/2015-03-31/functions/",
                    "arn:aws:lambda:ap-southeast-2:458483830777:function:cheapa-prod-accounts-authorizer",
                    "/invocations"
                  ]
                ]
              },
              "Type": "TOKEN"
            }
          },
          "ApiGatewayDeployment1571054936976": {
            "Type": "AWS::ApiGateway::Deployment",
            "Properties": {
              "RestApiId": "o5wnzcigwf",
              "StageName": "prod"
            },
            "DependsOn": [
              "ApiGatewayMethodOrdersOptions",
              "ApiGatewayMethodOrdersIdVarOptions",
              "ApiGatewayMethodOrdersIdVarVehicleimagesOptions",
              "ApiGatewayMethodOrdersIdVarSignatureOptions",
              "ApiGatewayMethodOrdersIdVarDriverlicensesOptions",
              "ApiGatewayMethodOrdersIdVarConfirmemailOptions",
              "ApiGatewayMethodOrdersIdVarReturnOptions",
              "ApiGatewayMethodOrdersStatusOptions",
              "ApiGatewayMethodOrdersBookingOptions",
              "ApiGatewayMethodOrdersGet",
              "ApiGatewayMethodOrdersIdVarGet",
              "ApiGatewayMethodOrdersPost",
              "ApiGatewayMethodOrdersIdVarPut",
              "ApiGatewayMethodOrdersIdVarDelete",
              "ApiGatewayMethodOrdersIdVarVehicleimagesPost",
              "ApiGatewayMethodOrdersIdVarVehicleimagesDelete",
              "ApiGatewayMethodOrdersIdVarSignaturePost",
              "ApiGatewayMethodOrdersIdVarDriverlicensesPost",
              "ApiGatewayMethodOrdersIdVarDriverlicensesDelete",
              "ApiGatewayMethodOrdersIdVarConfirmemailPost",
              "ApiGatewayMethodOrdersIdVarReturnPost",
              "ApiGatewayMethodOrdersStatusPost",
              "ApiGatewayMethodOrdersBookingPost"
            ]
          },
          "OrdersLambdaPermissionApiGateway": {
            "Type": "AWS::Lambda::Permission",
            "Properties": {
              "FunctionName": {
                "Fn::GetAtt": [
                  "OrdersLambdaFunction",
                  "Arn"
                ]
              },
              "Action": "lambda:InvokeFunction",
              "Principal": "apigateway.amazonaws.com",
              "SourceArn": {
                "Fn::Join": [
                  "",
                  [
                    "arn:",
                    {
                      "Ref": "AWS::Partition"
                    },
                    ":execute-api:",
                    {
                      "Ref": "AWS::Region"
                    },
                    ":",
                    {
                      "Ref": "AWS::AccountId"
                    },
                    ":",
                    "o5wnzcigwf",
                    "/*/*"
                  ]
                ]
              }
            }
          },
          "CheapaDashprodDashordersDashauthorizerLambdaPermissionApiGateway": {
            "Type": "AWS::Lambda::Permission",
            "Properties": {
              "FunctionName": "arn:aws:lambda:ap-southeast-2:458483830777:function:cheapa-prod-accounts-authorizer",
              "Action": "lambda:InvokeFunction",
              "Principal": "apigateway.amazonaws.com"
            }
          }
        },
        "Outputs": {
          "ServerlessDeploymentBucketName": {
            "Value": "cheapa-prod-deployment-bucket"
          },
          "ServiceEndpoint": {
            "Description": "URL of the service endpoint",
            "Value": {
              "Fn::Join": [
                "",
                [
                  "https://",
                  "o5wnzcigwf",
                  ".execute-api.",
                  {
                    "Ref": "AWS::Region"
                  },
                  ".",
                  {
                    "Ref": "AWS::URLSuffix"
                  },
                  "/prod"
                ]
              ]
            }
          }
        }
      },
      "vpc": {}
    },
    "custom": {
      "v": "../vars.json",
      "webpack": "../../webpack.config.js",
      "authorizerArn": "arn:aws:lambda:ap-southeast-2:458483830777:function:cheapa-prod-accounts-authorizer"
    },
    "plugins": [
      "serverless-webpack",
      "serverless-offline"
    ],
    "pluginsData": {},
    "functions": {
      "orders": {
        "name": "cheapa-prod-orders",
        "handler": "Controller.handler",
        "events": [
          {
            "http": {
              "path": "orders",
              "method": "get",
              "cors": {
                "maxAge": 86400,
                "methods": [
                  "OPTIONS",
                  "GET"
                ],
                "allowCredentials": false,
                "headers": [
                  "Content-Type",
                  "X-Amz-Date",
                  "Authorization",
                  "X-Api-Key",
                  "X-Amz-Security-Token",
                  "X-Amz-User-Agent"
                ]
              },
              "authorizer": {
                "name": "cheapa-prod-orders-authorizer",
                "arn": "arn:aws:lambda:ap-southeast-2:458483830777:function:cheapa-prod-accounts-authorizer",
                "resultTtlInSeconds": 300,
                "identitySource": "method.request.header.Authorization",
                "claims": []
              },
              "integration": "AWS_PROXY"
            }
          },
          {
            "http": {
              "path": "orders/{id}",
              "method": "get",
              "cors": {
                "maxAge": 86400,
                "methods": [
                  "OPTIONS",
                  "GET"
                ],
                "allowCredentials": false,
                "headers": [
                  "Content-Type",
                  "X-Amz-Date",
                  "Authorization",
                  "X-Api-Key",
                  "X-Amz-Security-Token",
                  "X-Amz-User-Agent"
                ]
              },
              "authorizer": {
                "name": "cheapa-prod-orders-authorizer",
                "arn": "arn:aws:lambda:ap-southeast-2:458483830777:function:cheapa-prod-accounts-authorizer",
                "resultTtlInSeconds": 300,
                "identitySource": "method.request.header.Authorization",
                "claims": []
              },
              "integration": "AWS_PROXY"
            }
          },
          {
            "http": {
              "path": "orders",
              "method": "post",
              "cors": {
                "maxAge": 86400,
                "methods": [
                  "OPTIONS",
                  "POST"
                ],
                "allowCredentials": false,
                "headers": [
                  "Content-Type",
                  "X-Amz-Date",
                  "Authorization",
                  "X-Api-Key",
                  "X-Amz-Security-Token",
                  "X-Amz-User-Agent"
                ]
              },
              "authorizer": {
                "name": "cheapa-prod-orders-authorizer",
                "arn": "arn:aws:lambda:ap-southeast-2:458483830777:function:cheapa-prod-accounts-authorizer",
                "resultTtlInSeconds": 300,
                "identitySource": "method.request.header.Authorization",
                "claims": []
              },
              "integration": "AWS_PROXY"
            }
          },
          {
            "http": {
              "path": "orders/{id}",
              "method": "put",
              "cors": {
                "maxAge": 86400,
                "methods": [
                  "OPTIONS",
                  "PUT"
                ],
                "allowCredentials": false,
                "headers": [
                  "Content-Type",
                  "X-Amz-Date",
                  "Authorization",
                  "X-Api-Key",
                  "X-Amz-Security-Token",
                  "X-Amz-User-Agent"
                ]
              },
              "authorizer": {
                "name": "cheapa-prod-orders-authorizer",
                "arn": "arn:aws:lambda:ap-southeast-2:458483830777:function:cheapa-prod-accounts-authorizer",
                "resultTtlInSeconds": 300,
                "identitySource": "method.request.header.Authorization",
                "claims": []
              },
              "integration": "AWS_PROXY"
            }
          },
          {
            "http": {
              "path": "orders/{id}",
              "method": "delete",
              "cors": {
                "maxAge": 86400,
                "methods": [
                  "OPTIONS",
                  "DELETE"
                ],
                "allowCredentials": false,
                "headers": [
                  "Content-Type",
                  "X-Amz-Date",
                  "Authorization",
                  "X-Api-Key",
                  "X-Amz-Security-Token",
                  "X-Amz-User-Agent"
                ]
              },
              "authorizer": {
                "name": "cheapa-prod-orders-authorizer",
                "arn": "arn:aws:lambda:ap-southeast-2:458483830777:function:cheapa-prod-accounts-authorizer",
                "resultTtlInSeconds": 300,
                "identitySource": "method.request.header.Authorization",
                "claims": []
              },
              "integration": "AWS_PROXY"
            }
          },
          {
            "http": {
              "path": "orders/{id}/vehicleImages",
              "method": "post",
              "cors": {
                "maxAge": 86400,
                "methods": [
                  "OPTIONS",
                  "POST"
                ],
                "allowCredentials": false,
                "headers": [
                  "Content-Type",
                  "X-Amz-Date",
                  "Authorization",
                  "X-Api-Key",
                  "X-Amz-Security-Token",
                  "X-Amz-User-Agent"
                ]
              },
              "authorizer": {
                "name": "cheapa-prod-orders-authorizer",
                "arn": "arn:aws:lambda:ap-southeast-2:458483830777:function:cheapa-prod-accounts-authorizer",
                "resultTtlInSeconds": 300,
                "identitySource": "method.request.header.Authorization",
                "claims": []
              },
              "integration": "AWS_PROXY"
            }
          },
          {
            "http": {
              "path": "orders/{id}/vehicleImages",
              "method": "delete",
              "cors": {
                "maxAge": 86400,
                "methods": [
                  "OPTIONS",
                  "DELETE"
                ],
                "allowCredentials": false,
                "headers": [
                  "Content-Type",
                  "X-Amz-Date",
                  "Authorization",
                  "X-Api-Key",
                  "X-Amz-Security-Token",
                  "X-Amz-User-Agent"
                ]
              },
              "authorizer": {
                "name": "cheapa-prod-orders-authorizer",
                "arn": "arn:aws:lambda:ap-southeast-2:458483830777:function:cheapa-prod-accounts-authorizer",
                "resultTtlInSeconds": 300,
                "identitySource": "method.request.header.Authorization",
                "claims": []
              },
              "integration": "AWS_PROXY"
            }
          },
          {
            "http": {
              "path": "orders/{id}/signature",
              "method": "post",
              "cors": {
                "maxAge": 86400,
                "methods": [
                  "OPTIONS",
                  "POST"
                ],
                "allowCredentials": false,
                "headers": [
                  "Content-Type",
                  "X-Amz-Date",
                  "Authorization",
                  "X-Api-Key",
                  "X-Amz-Security-Token",
                  "X-Amz-User-Agent"
                ]
              },
              "authorizer": {
                "name": "cheapa-prod-orders-authorizer",
                "arn": "arn:aws:lambda:ap-southeast-2:458483830777:function:cheapa-prod-accounts-authorizer",
                "resultTtlInSeconds": 300,
                "identitySource": "method.request.header.Authorization",
                "claims": []
              },
              "integration": "AWS_PROXY"
            }
          },
          {
            "http": {
              "path": "orders/{id}/driverLicenses",
              "method": "post",
              "cors": {
                "maxAge": 86400,
                "methods": [
                  "OPTIONS",
                  "POST"
                ],
                "allowCredentials": false,
                "headers": [
                  "Content-Type",
                  "X-Amz-Date",
                  "Authorization",
                  "X-Api-Key",
                  "X-Amz-Security-Token",
                  "X-Amz-User-Agent"
                ]
              },
              "authorizer": {
                "name": "cheapa-prod-orders-authorizer",
                "arn": "arn:aws:lambda:ap-southeast-2:458483830777:function:cheapa-prod-accounts-authorizer",
                "resultTtlInSeconds": 300,
                "identitySource": "method.request.header.Authorization",
                "claims": []
              },
              "integration": "AWS_PROXY"
            }
          },
          {
            "http": {
              "path": "orders/{id}/driverLicenses",
              "method": "delete",
              "cors": {
                "maxAge": 86400,
                "methods": [
                  "OPTIONS",
                  "DELETE"
                ],
                "allowCredentials": false,
                "headers": [
                  "Content-Type",
                  "X-Amz-Date",
                  "Authorization",
                  "X-Api-Key",
                  "X-Amz-Security-Token",
                  "X-Amz-User-Agent"
                ]
              },
              "authorizer": {
                "name": "cheapa-prod-orders-authorizer",
                "arn": "arn:aws:lambda:ap-southeast-2:458483830777:function:cheapa-prod-accounts-authorizer",
                "resultTtlInSeconds": 300,
                "identitySource": "method.request.header.Authorization",
                "claims": []
              },
              "integration": "AWS_PROXY"
            }
          },
          {
            "http": {
              "path": "orders/{id}/confirmEmail",
              "method": "post",
              "cors": {
                "maxAge": 86400,
                "methods": [
                  "OPTIONS",
                  "POST"
                ],
                "allowCredentials": false,
                "headers": [
                  "Content-Type",
                  "X-Amz-Date",
                  "Authorization",
                  "X-Api-Key",
                  "X-Amz-Security-Token",
                  "X-Amz-User-Agent"
                ]
              },
              "authorizer": {
                "name": "cheapa-prod-orders-authorizer",
                "arn": "arn:aws:lambda:ap-southeast-2:458483830777:function:cheapa-prod-accounts-authorizer",
                "resultTtlInSeconds": 300,
                "identitySource": "method.request.header.Authorization",
                "claims": []
              },
              "integration": "AWS_PROXY"
            }
          },
          {
            "http": {
              "path": "orders/{id}/return",
              "method": "post",
              "cors": {
                "maxAge": 86400,
                "methods": [
                  "OPTIONS",
                  "POST"
                ],
                "allowCredentials": false,
                "headers": [
                  "Content-Type",
                  "X-Amz-Date",
                  "Authorization",
                  "X-Api-Key",
                  "X-Amz-Security-Token",
                  "X-Amz-User-Agent"
                ]
              },
              "authorizer": {
                "name": "cheapa-prod-orders-authorizer",
                "arn": "arn:aws:lambda:ap-southeast-2:458483830777:function:cheapa-prod-accounts-authorizer",
                "resultTtlInSeconds": 300,
                "identitySource": "method.request.header.Authorization",
                "claims": []
              },
              "integration": "AWS_PROXY"
            }
          },
          {
            "http": {
              "path": "orders/status",
              "method": "post",
              "cors": {
                "maxAge": 86400,
                "methods": [
                  "OPTIONS",
                  "POST"
                ],
                "allowCredentials": false,
                "headers": [
                  "Content-Type",
                  "X-Amz-Date",
                  "Authorization",
                  "X-Api-Key",
                  "X-Amz-Security-Token",
                  "X-Amz-User-Agent"
                ]
              },
              "authorizer": {
                "name": "cheapa-prod-orders-authorizer",
                "arn": "arn:aws:lambda:ap-southeast-2:458483830777:function:cheapa-prod-accounts-authorizer",
                "resultTtlInSeconds": 300,
                "identitySource": "method.request.header.Authorization",
                "claims": []
              },
              "integration": "AWS_PROXY"
            }
          },
          {
            "http": {
              "path": "orders/booking",
              "method": "post",
              "cors": {
                "maxAge": 86400,
                "methods": [
                  "OPTIONS",
                  "POST"
                ],
                "allowCredentials": false,
                "headers": [
                  "Content-Type",
                  "X-Amz-Date",
                  "Authorization",
                  "X-Api-Key",
                  "X-Amz-Security-Token",
                  "X-Amz-User-Agent"
                ]
              },
              "integration": "AWS_PROXY"
            }
          }
        ],
        "package": {
          "artifact": ".serverless/orders.zip"
        },
        "memory": 256,
        "timeout": 30,
        "runtime": "nodejs8.10",
        "vpc": {}
      }
    },
    "serviceFilename": "serverless.yml",
    "layers": {}
  },
  "package": {
    "individually": true,
    "artifactDirectoryName": "serverless/cheapa-prod-orders/prod/1571054948969-2019-10-14T12:09:08.969Z",
    "artifact": ""
  }
}