{
  "stage": "dev",
  "appName": "cheapa-dev",
  "region": "us-east-1",
  "profile": "cheapa-dev",
  "domain": "cheapacarrental.com",
  "cloudFlare": {
    "email": "cheapacarrental@hotmail.com",
    "apiKey": "55e5e3b6a03f9ee3aa2ff0696812c2dc1d34e",
    "zoneId": "95cb7a5368715d532a56dc52b0bc20ff"
  },
  "codeCommit": {
    "repositoryName": "cheapa-ui",
    "profile": "grant"
  },
  "lambda": {
    "nodeRuntime": "nodejs6.10",
    "memorySize": 256,
    "timeout": 10,
    "versionFunctions": false
  },
  "cheapa-ui": {
    "domain": "platformdev.cheapacarrental.com",
    "certificateManagerARN": "arn:aws:acm:us-east-1:089410738234:certificate/e06f1939-ce99-4a05-be5c-735d9b734010"
  }
}
