{
  "AWSTemplateFormatVersion": "2010-09-09",
  "Description": "The AWS CloudFormation template for this Serverless application",
  "Resources": {
    "bucket": {
      "Type": "AWS::S3::Bucket",
      "Properties": {
        "BucketName": "platform.cheapacarrental.com",
        "AccessControl": "PublicRead"
      }
    },
    "cloudfrontdistribution": {
      "Type": "AWS::CloudFront::Distribution",
      "Properties": {
        "DistributionConfig": {
          "Aliases": [
            "platform.cheapacarrental.com"
          ],
          "CustomErrorResponses": [
            {
              "ErrorCode": 404,
              "ResponseCode": 200,
              "ResponsePagePath": "/index.html"
            },
            {
              "ErrorCode": 403,
              "ResponseCode": 200,
              "ResponsePagePath": "/index.html"
            }
          ],
          "DefaultRootObject": "index.html",
          "DefaultCacheBehavior": {
            "TargetOriginId": "platform.cheapacarrental.com",
            "ViewerProtocolPolicy": "redirect-to-https",
            "ForwardedValues": {
              "QueryString": true
            }
          },
          "Enabled": true,
          "Origins": [
            {
              "DomainName": {
                "Fn::GetAtt": [
                  "bucket",
                  "DomainName"
                ]
              },
              "Id": "platform.cheapacarrental.com",
              "S3OriginConfig": {
                "OriginAccessIdentity": {
                  "Fn::Join": [
                    "",
                    [
                      "origin-access-identity/cloudfront/",
                      {
                        "Ref": "cloudfrontoriginaccessidentity"
                      }
                    ]
                  ]
                }
              }
            }
          ],
          "ViewerCertificate": {
            "AcmCertificateArn": "arn:aws:acm:us-east-1:458483830777:certificate/0c8db893-e94e-4dc8-b4ae-031027e35f2f",
            "SslSupportMethod": "sni-only"
          }
        }
      }
    },
    "cloudfrontoriginaccessidentity": {
      "Type": "AWS::CloudFront::CloudFrontOriginAccessIdentity",
      "Properties": {
        "CloudFrontOriginAccessIdentityConfig": {
          "Comment": "platform.cheapacarrental.com"
        }
      }
    }
  },
  "Outputs": {
    "ServerlessDeploymentBucketName": {
      "Value": "cheapa-prod-deployment-bucket"
    },
    "domainName": {
      "Value": "platform.cheapacarrental.com"
    },
    "cloudfrontdistributionDomainName": {
      "Value": {
        "Fn::GetAtt": [
          "cloudfrontdistribution",
          "DomainName"
        ]
      }
    },
    "cloudfrontdistributionId": {
      "Value": {
        "Ref": "cloudfrontdistribution"
      }
    }
  }
}