{
  "service": {
    "service": "cheapa-prod-cheapa-ui",
    "serviceObject": {
      "name": "cheapa-prod-cheapa-ui"
    },
    "provider": {
      "stage": "prod",
      "variableSyntax": "\\${([ ~:a-zA-Z0-9._@'\",\\-\\/\\(\\)*]+?)}",
      "name": "aws",
      "region": "ap-southeast-2",
      "profile": "cheapa-prod",
      "deploymentBucket": "cheapa-prod-deployment-bucket",
      "moduleName": "cheapa-ui",
      "versionFunctions": true,
      "remoteFunctionData": null,
      "compiledCloudFormationTemplate": {
        "AWSTemplateFormatVersion": "2010-09-09",
        "Description": "The AWS CloudFormation template for this Serverless application",
        "Resources": {
          "bucket": {
            "Type": "AWS::S3::Bucket",
            "Properties": {
              "BucketName": "platform.cheapacarrental.com",
              "AccessControl": "PublicRead"
            }
          },
          "cloudfrontdistribution": {
            "Type": "AWS::CloudFront::Distribution",
            "Properties": {
              "DistributionConfig": {
                "Aliases": [
                  "platform.cheapacarrental.com"
                ],
                "CustomErrorResponses": [
                  {
                    "ErrorCode": 404,
                    "ResponseCode": 200,
                    "ResponsePagePath": "/index.html"
                  },
                  {
                    "ErrorCode": 403,
                    "ResponseCode": 200,
                    "ResponsePagePath": "/index.html"
                  }
                ],
                "DefaultRootObject": "index.html",
                "DefaultCacheBehavior": {
                  "TargetOriginId": "platform.cheapacarrental.com",
                  "ViewerProtocolPolicy": "redirect-to-https",
                  "ForwardedValues": {
                    "QueryString": true
                  }
                },
                "Enabled": true,
                "Origins": [
                  {
                    "DomainName": {
                      "Fn::GetAtt": [
                        "bucket",
                        "DomainName"
                      ]
                    },
                    "Id": "platform.cheapacarrental.com",
                    "S3OriginConfig": {
                      "OriginAccessIdentity": {
                        "Fn::Join": [
                          "",
                          [
                            "origin-access-identity/cloudfront/",
                            {
                              "Ref": "cloudfrontoriginaccessidentity"
                            }
                          ]
                        ]
                      }
                    }
                  }
                ],
                "ViewerCertificate": {
                  "AcmCertificateArn": "arn:aws:acm:us-east-1:458483830777:certificate/0c8db893-e94e-4dc8-b4ae-031027e35f2f",
                  "SslSupportMethod": "sni-only"
                }
              }
            }
          },
          "cloudfrontoriginaccessidentity": {
            "Type": "AWS::CloudFront::CloudFrontOriginAccessIdentity",
            "Properties": {
              "CloudFrontOriginAccessIdentityConfig": {
                "Comment": "platform.cheapacarrental.com"
              }
            }
          }
        },
        "Outputs": {
          "ServerlessDeploymentBucketName": {
            "Value": "cheapa-prod-deployment-bucket"
          },
          "domainName": {
            "Value": "platform.cheapacarrental.com"
          },
          "cloudfrontdistributionDomainName": {
            "Value": {
              "Fn::GetAtt": [
                "cloudfrontdistribution",
                "DomainName"
              ]
            }
          },
          "cloudfrontdistributionId": {
            "Value": {
              "Ref": "cloudfrontdistribution"
            }
          }
        }
      }
    },
    "custom": {
      "client": {
        "bucketName": "platform.cheapacarrental.com",
        "distributionFolder": "dist"
      },
      "cloudflare": {
        "email": "cheapacarrental@hotmail.com",
        "apiKey": "55e5e3b6a03f9ee3aa2ff0696812c2dc1d34e",
        "zoneId": "95cb7a5368715d532a56dc52b0bc20ff"
      },
      "domain": "platform.cheapacarrental.com"
    },
    "plugins": [
      "serverless-plugin-cloudflare",
      "serverless-finch"
    ],
    "pluginsData": {},
    "functions": {},
    "resources": {
      "Resources": {
        "bucket": {
          "Type": "AWS::S3::Bucket",
          "Properties": {
            "BucketName": "platform.cheapacarrental.com",
            "AccessControl": "PublicRead"
          }
        },
        "cloudfrontdistribution": {
          "Type": "AWS::CloudFront::Distribution",
          "Properties": {
            "DistributionConfig": {
              "Aliases": [
                "platform.cheapacarrental.com"
              ],
              "CustomErrorResponses": [
                {
                  "ErrorCode": 404,
                  "ResponseCode": 200,
                  "ResponsePagePath": "/index.html"
                },
                {
                  "ErrorCode": 403,
                  "ResponseCode": 200,
                  "ResponsePagePath": "/index.html"
                }
              ],
              "DefaultRootObject": "index.html",
              "DefaultCacheBehavior": {
                "TargetOriginId": "platform.cheapacarrental.com",
                "ViewerProtocolPolicy": "redirect-to-https",
                "ForwardedValues": {
                  "QueryString": true
                }
              },
              "Enabled": true,
              "Origins": [
                {
                  "DomainName": {
                    "Fn::GetAtt": [
                      "bucket",
                      "DomainName"
                    ]
                  },
                  "Id": "platform.cheapacarrental.com",
                  "S3OriginConfig": {
                    "OriginAccessIdentity": {
                      "Fn::Join": [
                        "",
                        [
                          "origin-access-identity/cloudfront/",
                          {
                            "Ref": "cloudfrontoriginaccessidentity"
                          }
                        ]
                      ]
                    }
                  }
                }
              ],
              "ViewerCertificate": {
                "AcmCertificateArn": "arn:aws:acm:us-east-1:458483830777:certificate/0c8db893-e94e-4dc8-b4ae-031027e35f2f",
                "SslSupportMethod": "sni-only"
              }
            }
          }
        },
        "cloudfrontoriginaccessidentity": {
          "Type": "AWS::CloudFront::CloudFrontOriginAccessIdentity",
          "Properties": {
            "CloudFrontOriginAccessIdentityConfig": {
              "Comment": "platform.cheapacarrental.com"
            }
          }
        }
      },
      "Outputs": {
        "domainName": {
          "Value": "platform.cheapacarrental.com"
        },
        "cloudfrontdistributionDomainName": {
          "Value": {
            "Fn::GetAtt": [
              "cloudfrontdistribution",
              "DomainName"
            ]
          }
        },
        "cloudfrontdistributionId": {
          "Value": {
            "Ref": "cloudfrontdistribution"
          }
        }
      }
    },
    "serviceFilename": "serverless.yml",
    "layers": {}
  },
  "package": {
    "artifactDirectoryName": "serverless/cheapa-prod-cheapa-ui/prod/1572866907626-2019-11-04T11:28:27.626Z",
    "artifact": ""
  }
}