{
  "service": {
    "service": "cheapa-dev-codeBuild",
    "serviceObject": {
      "name": "cheapa-dev-codeBuild"
    },
    "provider": {
      "stage": "dev",
      "region": "us-east-1",
      "variableSyntax": "\\${([ ~:a-zA-Z0-9._'\",\\-\\/\\(\\)]+?)}",
      "name": "aws",
      "profile": "grant",
      "deploymentBucket": "cheapa-dev-code-bucket",
      "runtime": "nodejs6.10",
      "memorySize": 256,
      "timeout": 10,
      "versionFunctions": false,
      "moduleName": "codeBuild",
      "iamRoleStatements": [
        {
          "Effect": "Allow",
          "Action": [
            "sts:*",
            "iam:*",
            "cloudwatch:*",
            "logs:*",
            "codebuild:*"
          ],
          "Resource": "*"
        }
      ],
      "environment": {
        "PROJECT_NAME": "cheapa-dev-codeBuild"
      },
      "remoteFunctionData": null,
      "compiledCloudFormationTemplate": {
        "AWSTemplateFormatVersion": "2010-09-09",
        "Description": "The AWS CloudFormation template for this Serverless application",
        "Resources": {
          "BuildLogGroup": {
            "Type": "AWS::Logs::LogGroup",
            "Properties": {
              "LogGroupName": "/aws/lambda/cheapa-dev-codeBuild"
            }
          },
          "IamRoleLambdaExecution": {
            "Type": "AWS::IAM::Role",
            "Properties": {
              "AssumeRolePolicyDocument": {
                "Version": "2012-10-17",
                "Statement": [
                  {
                    "Effect": "Allow",
                    "Principal": {
                      "Service": [
                        "lambda.amazonaws.com"
                      ]
                    },
                    "Action": [
                      "sts:AssumeRole"
                    ]
                  }
                ]
              },
              "Policies": [
                {
                  "PolicyName": {
                    "Fn::Join": [
                      "-",
                      [
                        "dev",
                        "cheapa-dev-codeBuild",
                        "lambda"
                      ]
                    ]
                  },
                  "PolicyDocument": {
                    "Version": "2012-10-17",
                    "Statement": [
                      {
                        "Effect": "Allow",
                        "Action": [
                          "logs:CreateLogStream"
                        ],
                        "Resource": [
                          {
                            "Fn::Sub": "arn:aws:logs:${AWS::Region}:${AWS::AccountId}:log-group:/aws/lambda/cheapa-dev-codeBuild:*"
                          }
                        ]
                      },
                      {
                        "Effect": "Allow",
                        "Action": [
                          "logs:PutLogEvents"
                        ],
                        "Resource": [
                          {
                            "Fn::Sub": "arn:aws:logs:${AWS::Region}:${AWS::AccountId}:log-group:/aws/lambda/cheapa-dev-codeBuild:*:*"
                          }
                        ]
                      },
                      {
                        "$ref": "$[\"service\"][\"provider\"][\"iamRoleStatements\"][0]"
                      }
                    ]
                  }
                }
              ],
              "Path": "/",
              "RoleName": {
                "Fn::Join": [
                  "-",
                  [
                    "cheapa-dev-codeBuild",
                    "dev",
                    "us-east-1",
                    "lambdaRole"
                  ]
                ]
              }
            }
          },
          "BuildLambdaFunction": {
            "Type": "AWS::Lambda::Function",
            "Properties": {
              "Code": {
                "S3Bucket": "cheapa-dev-code-bucket",
                "S3Key": "serverless/cheapa-dev-codeBuild/dev/1521979637521-2018-03-25T12:07:17.521Z/build.zip"
              },
              "FunctionName": "cheapa-dev-codeBuild",
              "Handler": "codeCommitTopic/index.handler",
              "MemorySize": 256,
              "Role": {
                "Fn::GetAtt": [
                  "IamRoleLambdaExecution",
                  "Arn"
                ]
              },
              "Runtime": "nodejs6.10",
              "Timeout": 10,
              "Environment": {
                "Variables": {
                  "PROJECT_NAME": "cheapa-dev-codeBuild"
                }
              }
            },
            "DependsOn": [
              "BuildLogGroup",
              "IamRoleLambdaExecution"
            ]
          },
          "BuildSnsSubscriptionCheapadevcodeCommitcodeCommittopic": {
            "Type": "AWS::SNS::Subscription",
            "Properties": {
              "TopicArn": "arn:aws:sns:us-east-1:447444507462:cheapa-dev-codeCommit-codeCommit-topic",
              "Protocol": "lambda",
              "Endpoint": {
                "Fn::GetAtt": [
                  "BuildLambdaFunction",
                  "Arn"
                ]
              }
            }
          },
          "BuildLambdaPermissionCheapadevcodeCommitcodeCommittopicSNS": {
            "Type": "AWS::Lambda::Permission",
            "Properties": {
              "FunctionName": {
                "Fn::GetAtt": [
                  "BuildLambdaFunction",
                  "Arn"
                ]
              },
              "Action": "lambda:InvokeFunction",
              "Principal": "sns.amazonaws.com",
              "SourceArn": "arn:aws:sns:us-east-1:447444507462:cheapa-dev-codeCommit-codeCommit-topic"
            }
          },
          "serviceRole": {
            "Type": "AWS::IAM::Role",
            "Properties": {
              "AssumeRolePolicyDocument": {
                "Version": "2012-10-17",
                "Statement": [
                  {
                    "Effect": "Allow",
                    "Principal": {
                      "Service": [
                        "codecommit.amazonaws.com",
                        "codebuild.amazonaws.com",
                        "s3.amazonaws.com",
                        "events.amazonaws.com",
                        "iam.amazonaws.com"
                      ]
                    },
                    "Action": [
                      "sts:AssumeRole"
                    ]
                  }
                ]
              },
              "Policies": [
                {
                  "PolicyName": "cheapa-dev-codeBuild-service-role-policy",
                  "PolicyDocument": {
                    "Version": "2012-10-17",
                    "Statement": [
                      {
                        "Effect": "Allow",
                        "Action": [
                          "lambda:*",
                          "codecommit:*",
                          "cloudwatch:*",
                          "logs:*",
                          "s3:*"
                        ],
                        "Resource": "*"
                      }
                    ]
                  }
                }
              ],
              "Path": "/",
              "RoleName": "cheapa-dev-codeBuild-service-role"
            }
          },
          "bucket": {
            "Type": "AWS::S3::Bucket",
            "Properties": {
              "BucketName": "cheapa-dev-code-build-cache-bucket"
            }
          },
          "codeBuildProject": {
            "Type": "AWS::CodeBuild::Project",
            "Properties": {
              "Artifacts": {
                "Type": "NO_ARTIFACTS"
              },
              "Cache": {
                "Location": "code-build-cache-bucket",
                "Type": "S3"
              },
              "Environment": {
                "ComputeType": "BUILD_GENERAL1_SMALL",
                "Image": "aws/codebuild/nodejs:6.3.1",
                "Type": "LINUX_CONTAINER"
              },
              "Name": "cheapa-dev-codeBuild",
              "ServiceRole": {
                "Fn::GetAtt": [
                  "serviceRole",
                  "Arn"
                ]
              },
              "Source": {
                "Location": "https://git-codecommit.us-east-1.amazonaws.com/v1/repos/cheapa",
                "Type": "CODECOMMIT"
              }
            },
            "DependsOn": [
              "bucket",
              "serviceRole"
            ]
          }
        },
        "Outputs": {
          "ServerlessDeploymentBucketName": {
            "Value": "cheapa-dev-code-bucket"
          }
        }
      },
      "vpc": {}
    },
    "custom": {
      "webpack": "../../../webpack.config.js"
    },
    "plugins": [
      "serverless-webpack"
    ],
    "functions": {
      "build": {
        "name": "cheapa-dev-codeBuild",
        "handler": "codeCommitTopic/index.handler",
        "events": [
          {
            "sns": "arn:aws:sns:us-east-1:447444507462:cheapa-dev-codeCommit-codeCommit-topic"
          }
        ],
        "package": {
          "artifact": ".serverless/build.zip"
        },
        "vpc": {}
      }
    },
    "resources": {
      "Resources": {
        "serviceRole": {
          "Type": "AWS::IAM::Role",
          "Properties": {
            "AssumeRolePolicyDocument": {
              "Version": "2012-10-17",
              "Statement": [
                {
                  "Effect": "Allow",
                  "Principal": {
                    "Service": [
                      "codecommit.amazonaws.com",
                      "codebuild.amazonaws.com",
                      "s3.amazonaws.com",
                      "events.amazonaws.com",
                      "iam.amazonaws.com"
                    ]
                  },
                  "Action": [
                    "sts:AssumeRole"
                  ]
                }
              ]
            },
            "Policies": [
              {
                "PolicyName": "cheapa-dev-codeBuild-service-role-policy",
                "PolicyDocument": {
                  "Version": "2012-10-17",
                  "Statement": [
                    {
                      "Effect": "Allow",
                      "Action": [
                        "lambda:*",
                        "codecommit:*",
                        "cloudwatch:*",
                        "logs:*",
                        "s3:*"
                      ],
                      "Resource": "*"
                    }
                  ]
                }
              }
            ],
            "Path": "/",
            "RoleName": "cheapa-dev-codeBuild-service-role"
          }
        },
        "bucket": {
          "Type": "AWS::S3::Bucket",
          "Properties": {
            "BucketName": "cheapa-dev-code-build-cache-bucket"
          }
        },
        "codeBuildProject": {
          "Type": "AWS::CodeBuild::Project",
          "Properties": {
            "Artifacts": {
              "Type": "NO_ARTIFACTS"
            },
            "Cache": {
              "Location": "code-build-cache-bucket",
              "Type": "S3"
            },
            "Environment": {
              "ComputeType": "BUILD_GENERAL1_SMALL",
              "Image": "aws/codebuild/nodejs:6.3.1",
              "Type": "LINUX_CONTAINER"
            },
            "Name": "cheapa-dev-codeBuild",
            "ServiceRole": {
              "Fn::GetAtt": [
                "serviceRole",
                "Arn"
              ]
            },
            "Source": {
              "Location": "https://git-codecommit.us-east-1.amazonaws.com/v1/repos/cheapa",
              "Type": "CODECOMMIT"
            }
          },
          "DependsOn": [
            "bucket",
            "serviceRole"
          ]
        }
      },
      "Outputs": {}
    }
  },
  "package": {
    "individually": true,
    "artifactDirectoryName": "serverless/cheapa-dev-codeBuild/dev/1521979637521-2018-03-25T12:07:17.521Z",
    "artifact": ""
  }
}