{
  "stage": "prod",
  "appName": "cheapa-prod",
  "region": "ap-southeast-2",
  "profile": "cheapa-prod",
  "domain": "cheapacarrental.com",
  "cloudFlare": {
    "email": "cheapacarrental@hotmail.com",
    "apiKey": "55e5e3b6a03f9ee3aa2ff0696812c2dc1d34e",
    "zoneId": "95cb7a5368715d532a56dc52b0bc20ff"
  },
  "codeCommit": {
    "repositoryName": "cheapa-ui",
    "profile": "grant"
  },
  "lambda": {
    "nodeRuntime": "nodejs6.10",
    "memorySize": 256,
    "timeout": 10,
    "versionFunctions": false
  },
  "cheapa-ui": {
    "domain": "platform.cheapacarrental.com",
    "certificateManagerARN": "arn:aws:acm:us-east-1:458483830777:certificate/0c8db893-e94e-4dc8-b4ae-031027e35f2f"
  },
  "deploymentBucket": "cheapa-prod-deployment-bucket"
}