{
  "service": {
    "service": "cheapa-prod-vehicles",
    "serviceObject": {
      "name": "cheapa-prod-vehicles"
    },
    "provider": {
      "stage": "prod",
      "variableSyntax": "\\${([ ~:a-zA-Z0-9._@'\",\\-\\/\\(\\)*]+?)}",
      "name": "aws",
      "region": "ap-southeast-2",
      "profile": "cheapa-prod",
      "deploymentBucket": "cheapa-prod-deployment-bucket",
      "runtime": "nodejs8.10",
      "memorySize": 256,
      "timeout": 30,
      "versionFunctions": false,
      "moduleName": "vehicles",
      "apiGateway": {
        "restApiId": "o5wnzcigwf",
        "restApiRootResourceId": "kayiao6n5b"
      },
      "iamRoleStatements": [
        {
          "Effect": "Allow",
          "Action": [
            "lambda:*",
            "dynamodb:*",
            "cloudwatch:*",
            "logs:*",
            "xray:*",
            "s3:*"
          ],
          "Resource": "*"
        }
      ],
      "environment": {
        "IMAGES_HOST": "https://d290l6hblrch8l.cloudfront.net",
        "IMAGE_UPLOAD_FUNCTION_ARN": "arn:aws:lambda:ap-southeast-2:458483830777:function:cheapa-prod-images-upload",
        "IMAGE_DELETE_FUNCTION_ARN": "arn:aws:lambda:ap-southeast-2:458483830777:function:cheapa-prod-images-delete"
      },
      "remoteFunctionData": null,
      "compiledCloudFormationTemplate": {
        "AWSTemplateFormatVersion": "2010-09-09",
        "Description": "The AWS CloudFormation template for this Serverless application",
        "Resources": {
          "VehiclesLogGroup": {
            "Type": "AWS::Logs::LogGroup",
            "Properties": {
              "LogGroupName": "/aws/lambda/cheapa-prod-vehicles"
            }
          },
          "MonitorLogGroup": {
            "Type": "AWS::Logs::LogGroup",
            "Properties": {
              "LogGroupName": "/aws/lambda/cheapa-prod-vehicles-monitor"
            }
          },
          "DistanceLogGroup": {
            "Type": "AWS::Logs::LogGroup",
            "Properties": {
              "LogGroupName": "/aws/lambda/cheapa-prod-vehicles-distance"
            }
          },
          "IamRoleLambdaExecution": {
            "Type": "AWS::IAM::Role",
            "Properties": {
              "AssumeRolePolicyDocument": {
                "Version": "2012-10-17",
                "Statement": [
                  {
                    "Effect": "Allow",
                    "Principal": {
                      "Service": [
                        "lambda.amazonaws.com"
                      ]
                    },
                    "Action": [
                      "sts:AssumeRole"
                    ]
                  }
                ]
              },
              "Policies": [
                {
                  "PolicyName": {
                    "Fn::Join": [
                      "-",
                      [
                        "prod",
                        "cheapa-prod-vehicles",
                        "lambda"
                      ]
                    ]
                  },
                  "PolicyDocument": {
                    "Version": "2012-10-17",
                    "Statement": [
                      {
                        "Effect": "Allow",
                        "Action": [
                          "logs:CreateLogStream"
                        ],
                        "Resource": [
                          {
                            "Fn::Sub": "arn:${AWS::Partition}:logs:${AWS::Region}:${AWS::AccountId}:log-group:/aws/lambda/cheapa-prod-vehicles:*"
                          },
                          {
                            "Fn::Sub": "arn:${AWS::Partition}:logs:${AWS::Region}:${AWS::AccountId}:log-group:/aws/lambda/cheapa-prod-vehicles-monitor:*"
                          },
                          {
                            "Fn::Sub": "arn:${AWS::Partition}:logs:${AWS::Region}:${AWS::AccountId}:log-group:/aws/lambda/cheapa-prod-vehicles-distance:*"
                          }
                        ]
                      },
                      {
                        "Effect": "Allow",
                        "Action": [
                          "logs:PutLogEvents"
                        ],
                        "Resource": [
                          {
                            "Fn::Sub": "arn:${AWS::Partition}:logs:${AWS::Region}:${AWS::AccountId}:log-group:/aws/lambda/cheapa-prod-vehicles:*:*"
                          },
                          {
                            "Fn::Sub": "arn:${AWS::Partition}:logs:${AWS::Region}:${AWS::AccountId}:log-group:/aws/lambda/cheapa-prod-vehicles-monitor:*:*"
                          },
                          {
                            "Fn::Sub": "arn:${AWS::Partition}:logs:${AWS::Region}:${AWS::AccountId}:log-group:/aws/lambda/cheapa-prod-vehicles-distance:*:*"
                          }
                        ]
                      },
                      {
                        "$ref": "$[\"service\"][\"provider\"][\"iamRoleStatements\"][0]"
                      }
                    ]
                  }
                }
              ],
              "Path": "/",
              "RoleName": {
                "Fn::Join": [
                  "-",
                  [
                    "cheapa-prod-vehicles",
                    "prod",
                    {
                      "Ref": "AWS::Region"
                    },
                    "lambdaRole"
                  ]
                ]
              }
            }
          },
          "VehiclesLambdaFunction": {
            "Type": "AWS::Lambda::Function",
            "Properties": {
              "Code": {
                "S3Bucket": "cheapa-prod-deployment-bucket",
                "S3Key": "serverless/cheapa-prod-vehicles/prod/1571054901717-2019-10-14T12:08:21.717Z/vehicles.zip"
              },
              "FunctionName": "cheapa-prod-vehicles",
              "Handler": "Controller.handler",
              "MemorySize": 256,
              "Role": {
                "Fn::GetAtt": [
                  "IamRoleLambdaExecution",
                  "Arn"
                ]
              },
              "Runtime": "nodejs8.10",
              "Timeout": 30,
              "Environment": {
                "Variables": {
                  "IMAGES_HOST": "https://d290l6hblrch8l.cloudfront.net",
                  "IMAGE_UPLOAD_FUNCTION_ARN": "arn:aws:lambda:ap-southeast-2:458483830777:function:cheapa-prod-images-upload",
                  "IMAGE_DELETE_FUNCTION_ARN": "arn:aws:lambda:ap-southeast-2:458483830777:function:cheapa-prod-images-delete"
                }
              }
            },
            "DependsOn": [
              "VehiclesLogGroup",
              "IamRoleLambdaExecution"
            ]
          },
          "MonitorLambdaFunction": {
            "Type": "AWS::Lambda::Function",
            "Properties": {
              "Code": {
                "S3Bucket": "cheapa-prod-deployment-bucket",
                "S3Key": "serverless/cheapa-prod-vehicles/prod/1571054901717-2019-10-14T12:08:21.717Z/monitor.zip"
              },
              "FunctionName": "cheapa-prod-vehicles-monitor",
              "Handler": "monitor/index.handler",
              "MemorySize": 256,
              "Role": {
                "Fn::GetAtt": [
                  "IamRoleLambdaExecution",
                  "Arn"
                ]
              },
              "Runtime": "nodejs8.10",
              "Timeout": 900,
              "Environment": {
                "Variables": {
                  "IMAGES_HOST": "https://d290l6hblrch8l.cloudfront.net",
                  "IMAGE_UPLOAD_FUNCTION_ARN": "arn:aws:lambda:ap-southeast-2:458483830777:function:cheapa-prod-images-upload",
                  "IMAGE_DELETE_FUNCTION_ARN": "arn:aws:lambda:ap-southeast-2:458483830777:function:cheapa-prod-images-delete"
                }
              }
            },
            "DependsOn": [
              "MonitorLogGroup",
              "IamRoleLambdaExecution"
            ]
          },
          "DistanceLambdaFunction": {
            "Type": "AWS::Lambda::Function",
            "Properties": {
              "Code": {
                "S3Bucket": "cheapa-prod-deployment-bucket",
                "S3Key": "serverless/cheapa-prod-vehicles/prod/1571054901717-2019-10-14T12:08:21.717Z/distance.zip"
              },
              "FunctionName": "cheapa-prod-vehicles-distance",
              "Handler": "distance/index.handler",
              "MemorySize": 256,
              "Role": {
                "Fn::GetAtt": [
                  "IamRoleLambdaExecution",
                  "Arn"
                ]
              },
              "Runtime": "nodejs8.10",
              "Timeout": 900,
              "Environment": {
                "Variables": {
                  "IMAGES_HOST": "https://d290l6hblrch8l.cloudfront.net",
                  "IMAGE_UPLOAD_FUNCTION_ARN": "arn:aws:lambda:ap-southeast-2:458483830777:function:cheapa-prod-images-upload",
                  "IMAGE_DELETE_FUNCTION_ARN": "arn:aws:lambda:ap-southeast-2:458483830777:function:cheapa-prod-images-delete"
                }
              }
            },
            "DependsOn": [
              "DistanceLogGroup",
              "IamRoleLambdaExecution"
            ]
          },
          "MonitorEventsRuleSchedule1": {
            "Type": "AWS::Events::Rule",
            "Properties": {
              "ScheduleExpression": "rate(5 minutes)",
              "State": "ENABLED",
              "Targets": [
                {
                  "Arn": {
                    "Fn::GetAtt": [
                      "MonitorLambdaFunction",
                      "Arn"
                    ]
                  },
                  "Id": "monitorSchedule"
                }
              ]
            }
          },
          "MonitorLambdaPermissionEventsRuleSchedule1": {
            "Type": "AWS::Lambda::Permission",
            "Properties": {
              "FunctionName": {
                "Fn::GetAtt": [
                  "MonitorLambdaFunction",
                  "Arn"
                ]
              },
              "Action": "lambda:InvokeFunction",
              "Principal": "events.amazonaws.com",
              "SourceArn": {
                "Fn::GetAtt": [
                  "MonitorEventsRuleSchedule1",
                  "Arn"
                ]
              }
            }
          },
          "DistanceEventsRuleSchedule1": {
            "Type": "AWS::Events::Rule",
            "Properties": {
              "ScheduleExpression": "rate(15 minutes)",
              "State": "ENABLED",
              "Targets": [
                {
                  "Arn": {
                    "Fn::GetAtt": [
                      "DistanceLambdaFunction",
                      "Arn"
                    ]
                  },
                  "Id": "distanceSchedule"
                }
              ]
            }
          },
          "DistanceLambdaPermissionEventsRuleSchedule1": {
            "Type": "AWS::Lambda::Permission",
            "Properties": {
              "FunctionName": {
                "Fn::GetAtt": [
                  "DistanceLambdaFunction",
                  "Arn"
                ]
              },
              "Action": "lambda:InvokeFunction",
              "Principal": "events.amazonaws.com",
              "SourceArn": {
                "Fn::GetAtt": [
                  "DistanceEventsRuleSchedule1",
                  "Arn"
                ]
              }
            }
          },
          "ApiGatewayResourceVehicles": {
            "Type": "AWS::ApiGateway::Resource",
            "Properties": {
              "ParentId": "kayiao6n5b",
              "PathPart": "vehicles",
              "RestApiId": "o5wnzcigwf"
            }
          },
          "ApiGatewayResourceVehiclesIdVar": {
            "Type": "AWS::ApiGateway::Resource",
            "Properties": {
              "ParentId": {
                "Ref": "ApiGatewayResourceVehicles"
              },
              "PathPart": "{id}",
              "RestApiId": "o5wnzcigwf"
            }
          },
          "ApiGatewayResourceVehiclesIdVarImages": {
            "Type": "AWS::ApiGateway::Resource",
            "Properties": {
              "ParentId": {
                "Ref": "ApiGatewayResourceVehiclesIdVar"
              },
              "PathPart": "images",
              "RestApiId": "o5wnzcigwf"
            }
          },
          "ApiGatewayResourceVehiclesNearby": {
            "Type": "AWS::ApiGateway::Resource",
            "Properties": {
              "ParentId": {
                "Ref": "ApiGatewayResourceVehicles"
              },
              "PathPart": "nearby",
              "RestApiId": "o5wnzcigwf"
            }
          },
          "ApiGatewayMethodVehiclesOptions": {
            "Type": "AWS::ApiGateway::Method",
            "Properties": {
              "AuthorizationType": "NONE",
              "HttpMethod": "OPTIONS",
              "MethodResponses": [
                {
                  "StatusCode": "200",
                  "ResponseParameters": {
                    "method.response.header.Access-Control-Allow-Origin": true,
                    "method.response.header.Access-Control-Allow-Headers": true,
                    "method.response.header.Access-Control-Allow-Methods": true,
                    "method.response.header.Access-Control-Allow-Credentials": true,
                    "method.response.header.Access-Control-Max-Age": true
                  },
                  "ResponseModels": {}
                }
              ],
              "RequestParameters": {},
              "Integration": {
                "Type": "MOCK",
                "RequestTemplates": {
                  "application/json": "{statusCode:200}"
                },
                "ContentHandling": "CONVERT_TO_TEXT",
                "IntegrationResponses": [
                  {
                    "StatusCode": "200",
                    "ResponseParameters": {
                      "method.response.header.Access-Control-Allow-Origin": "'*'",
                      "method.response.header.Access-Control-Allow-Headers": "'Content-Type,X-Amz-Date,Authorization,X-Api-Key,X-Amz-Security-Token,X-Amz-User-Agent'",
                      "method.response.header.Access-Control-Allow-Methods": "'OPTIONS,POST,GET'",
                      "method.response.header.Access-Control-Allow-Credentials": "'false'",
                      "method.response.header.Access-Control-Max-Age": "'86400'"
                    },
                    "ResponseTemplates": {
                      "application/json": ""
                    }
                  }
                ]
              },
              "ResourceId": {
                "Ref": "ApiGatewayResourceVehicles"
              },
              "RestApiId": "o5wnzcigwf"
            }
          },
          "ApiGatewayMethodVehiclesIdVarOptions": {
            "Type": "AWS::ApiGateway::Method",
            "Properties": {
              "AuthorizationType": "NONE",
              "HttpMethod": "OPTIONS",
              "MethodResponses": [
                {
                  "StatusCode": "200",
                  "ResponseParameters": {
                    "method.response.header.Access-Control-Allow-Origin": true,
                    "method.response.header.Access-Control-Allow-Headers": true,
                    "method.response.header.Access-Control-Allow-Methods": true,
                    "method.response.header.Access-Control-Allow-Credentials": true,
                    "method.response.header.Access-Control-Max-Age": true
                  },
                  "ResponseModels": {}
                }
              ],
              "RequestParameters": {},
              "Integration": {
                "Type": "MOCK",
                "RequestTemplates": {
                  "application/json": "{statusCode:200}"
                },
                "ContentHandling": "CONVERT_TO_TEXT",
                "IntegrationResponses": [
                  {
                    "StatusCode": "200",
                    "ResponseParameters": {
                      "method.response.header.Access-Control-Allow-Origin": "'*'",
                      "method.response.header.Access-Control-Allow-Headers": "'Content-Type,X-Amz-Date,Authorization,X-Api-Key,X-Amz-Security-Token,X-Amz-User-Agent'",
                      "method.response.header.Access-Control-Allow-Methods": "'OPTIONS,DELETE,PUT,GET'",
                      "method.response.header.Access-Control-Allow-Credentials": "'false'",
                      "method.response.header.Access-Control-Max-Age": "'86400'"
                    },
                    "ResponseTemplates": {
                      "application/json": ""
                    }
                  }
                ]
              },
              "ResourceId": {
                "Ref": "ApiGatewayResourceVehiclesIdVar"
              },
              "RestApiId": "o5wnzcigwf"
            }
          },
          "ApiGatewayMethodVehiclesNearbyOptions": {
            "Type": "AWS::ApiGateway::Method",
            "Properties": {
              "AuthorizationType": "NONE",
              "HttpMethod": "OPTIONS",
              "MethodResponses": [
                {
                  "StatusCode": "200",
                  "ResponseParameters": {
                    "method.response.header.Access-Control-Allow-Origin": true,
                    "method.response.header.Access-Control-Allow-Headers": true,
                    "method.response.header.Access-Control-Allow-Methods": true,
                    "method.response.header.Access-Control-Allow-Credentials": true,
                    "method.response.header.Access-Control-Max-Age": true
                  },
                  "ResponseModels": {}
                }
              ],
              "RequestParameters": {},
              "Integration": {
                "Type": "MOCK",
                "RequestTemplates": {
                  "application/json": "{statusCode:200}"
                },
                "ContentHandling": "CONVERT_TO_TEXT",
                "IntegrationResponses": [
                  {
                    "StatusCode": "200",
                    "ResponseParameters": {
                      "method.response.header.Access-Control-Allow-Origin": "'*'",
                      "method.response.header.Access-Control-Allow-Headers": "'Content-Type,X-Amz-Date,Authorization,X-Api-Key,X-Amz-Security-Token,X-Amz-User-Agent'",
                      "method.response.header.Access-Control-Allow-Methods": "'OPTIONS,GET'",
                      "method.response.header.Access-Control-Allow-Credentials": "'false'",
                      "method.response.header.Access-Control-Max-Age": "'86400'"
                    },
                    "ResponseTemplates": {
                      "application/json": ""
                    }
                  }
                ]
              },
              "ResourceId": {
                "Ref": "ApiGatewayResourceVehiclesNearby"
              },
              "RestApiId": "o5wnzcigwf"
            }
          },
          "ApiGatewayMethodVehiclesIdVarImagesOptions": {
            "Type": "AWS::ApiGateway::Method",
            "Properties": {
              "AuthorizationType": "NONE",
              "HttpMethod": "OPTIONS",
              "MethodResponses": [
                {
                  "StatusCode": "200",
                  "ResponseParameters": {
                    "method.response.header.Access-Control-Allow-Origin": true,
                    "method.response.header.Access-Control-Allow-Headers": true,
                    "method.response.header.Access-Control-Allow-Methods": true,
                    "method.response.header.Access-Control-Allow-Credentials": true,
                    "method.response.header.Access-Control-Max-Age": true
                  },
                  "ResponseModels": {}
                }
              ],
              "RequestParameters": {},
              "Integration": {
                "Type": "MOCK",
                "RequestTemplates": {
                  "application/json": "{statusCode:200}"
                },
                "ContentHandling": "CONVERT_TO_TEXT",
                "IntegrationResponses": [
                  {
                    "StatusCode": "200",
                    "ResponseParameters": {
                      "method.response.header.Access-Control-Allow-Origin": "'*'",
                      "method.response.header.Access-Control-Allow-Headers": "'Content-Type,X-Amz-Date,Authorization,X-Api-Key,X-Amz-Security-Token,X-Amz-User-Agent'",
                      "method.response.header.Access-Control-Allow-Methods": "'OPTIONS,DELETE,POST'",
                      "method.response.header.Access-Control-Allow-Credentials": "'false'",
                      "method.response.header.Access-Control-Max-Age": "'86400'"
                    },
                    "ResponseTemplates": {
                      "application/json": ""
                    }
                  }
                ]
              },
              "ResourceId": {
                "Ref": "ApiGatewayResourceVehiclesIdVarImages"
              },
              "RestApiId": "o5wnzcigwf"
            }
          },
          "ApiGatewayMethodVehiclesGet": {
            "Type": "AWS::ApiGateway::Method",
            "Properties": {
              "HttpMethod": "GET",
              "RequestParameters": {},
              "ResourceId": {
                "Ref": "ApiGatewayResourceVehicles"
              },
              "RestApiId": "o5wnzcigwf",
              "ApiKeyRequired": false,
              "AuthorizationType": "NONE",
              "Integration": {
                "IntegrationHttpMethod": "POST",
                "Type": "AWS_PROXY",
                "Uri": {
                  "Fn::Join": [
                    "",
                    [
                      "arn:",
                      {
                        "Ref": "AWS::Partition"
                      },
                      ":apigateway:",
                      {
                        "Ref": "AWS::Region"
                      },
                      ":lambda:path/2015-03-31/functions/",
                      {
                        "Fn::GetAtt": [
                          "VehiclesLambdaFunction",
                          "Arn"
                        ]
                      },
                      "/invocations"
                    ]
                  ]
                }
              },
              "MethodResponses": []
            }
          },
          "ApiGatewayMethodVehiclesIdVarGet": {
            "Type": "AWS::ApiGateway::Method",
            "Properties": {
              "HttpMethod": "GET",
              "RequestParameters": {},
              "ResourceId": {
                "Ref": "ApiGatewayResourceVehiclesIdVar"
              },
              "RestApiId": "o5wnzcigwf",
              "ApiKeyRequired": false,
              "AuthorizationType": "NONE",
              "Integration": {
                "IntegrationHttpMethod": "POST",
                "Type": "AWS_PROXY",
                "Uri": {
                  "Fn::Join": [
                    "",
                    [
                      "arn:",
                      {
                        "Ref": "AWS::Partition"
                      },
                      ":apigateway:",
                      {
                        "Ref": "AWS::Region"
                      },
                      ":lambda:path/2015-03-31/functions/",
                      {
                        "Fn::GetAtt": [
                          "VehiclesLambdaFunction",
                          "Arn"
                        ]
                      },
                      "/invocations"
                    ]
                  ]
                }
              },
              "MethodResponses": []
            }
          },
          "ApiGatewayMethodVehiclesPost": {
            "Type": "AWS::ApiGateway::Method",
            "Properties": {
              "HttpMethod": "POST",
              "RequestParameters": {},
              "ResourceId": {
                "Ref": "ApiGatewayResourceVehicles"
              },
              "RestApiId": "o5wnzcigwf",
              "ApiKeyRequired": false,
              "AuthorizationType": "CUSTOM",
              "AuthorizerId": {
                "Ref": "CheapaDashprodDashvehiclesDashauthorizerApiGatewayAuthorizer"
              },
              "Integration": {
                "IntegrationHttpMethod": "POST",
                "Type": "AWS_PROXY",
                "Uri": {
                  "Fn::Join": [
                    "",
                    [
                      "arn:",
                      {
                        "Ref": "AWS::Partition"
                      },
                      ":apigateway:",
                      {
                        "Ref": "AWS::Region"
                      },
                      ":lambda:path/2015-03-31/functions/",
                      {
                        "Fn::GetAtt": [
                          "VehiclesLambdaFunction",
                          "Arn"
                        ]
                      },
                      "/invocations"
                    ]
                  ]
                }
              },
              "MethodResponses": []
            },
            "DependsOn": "CheapaDashprodDashvehiclesDashauthorizerApiGatewayAuthorizer"
          },
          "ApiGatewayMethodVehiclesIdVarPut": {
            "Type": "AWS::ApiGateway::Method",
            "Properties": {
              "HttpMethod": "PUT",
              "RequestParameters": {},
              "ResourceId": {
                "Ref": "ApiGatewayResourceVehiclesIdVar"
              },
              "RestApiId": "o5wnzcigwf",
              "ApiKeyRequired": false,
              "AuthorizationType": "CUSTOM",
              "AuthorizerId": {
                "Ref": "CheapaDashprodDashvehiclesDashauthorizerApiGatewayAuthorizer"
              },
              "Integration": {
                "IntegrationHttpMethod": "POST",
                "Type": "AWS_PROXY",
                "Uri": {
                  "Fn::Join": [
                    "",
                    [
                      "arn:",
                      {
                        "Ref": "AWS::Partition"
                      },
                      ":apigateway:",
                      {
                        "Ref": "AWS::Region"
                      },
                      ":lambda:path/2015-03-31/functions/",
                      {
                        "Fn::GetAtt": [
                          "VehiclesLambdaFunction",
                          "Arn"
                        ]
                      },
                      "/invocations"
                    ]
                  ]
                }
              },
              "MethodResponses": []
            },
            "DependsOn": "CheapaDashprodDashvehiclesDashauthorizerApiGatewayAuthorizer"
          },
          "ApiGatewayMethodVehiclesIdVarDelete": {
            "Type": "AWS::ApiGateway::Method",
            "Properties": {
              "HttpMethod": "DELETE",
              "RequestParameters": {},
              "ResourceId": {
                "Ref": "ApiGatewayResourceVehiclesIdVar"
              },
              "RestApiId": "o5wnzcigwf",
              "ApiKeyRequired": false,
              "AuthorizationType": "CUSTOM",
              "AuthorizerId": {
                "Ref": "CheapaDashprodDashvehiclesDashauthorizerApiGatewayAuthorizer"
              },
              "Integration": {
                "IntegrationHttpMethod": "POST",
                "Type": "AWS_PROXY",
                "Uri": {
                  "Fn::Join": [
                    "",
                    [
                      "arn:",
                      {
                        "Ref": "AWS::Partition"
                      },
                      ":apigateway:",
                      {
                        "Ref": "AWS::Region"
                      },
                      ":lambda:path/2015-03-31/functions/",
                      {
                        "Fn::GetAtt": [
                          "VehiclesLambdaFunction",
                          "Arn"
                        ]
                      },
                      "/invocations"
                    ]
                  ]
                }
              },
              "MethodResponses": []
            },
            "DependsOn": "CheapaDashprodDashvehiclesDashauthorizerApiGatewayAuthorizer"
          },
          "ApiGatewayMethodVehiclesNearbyGet": {
            "Type": "AWS::ApiGateway::Method",
            "Properties": {
              "HttpMethod": "GET",
              "RequestParameters": {},
              "ResourceId": {
                "Ref": "ApiGatewayResourceVehiclesNearby"
              },
              "RestApiId": "o5wnzcigwf",
              "ApiKeyRequired": false,
              "AuthorizationType": "NONE",
              "Integration": {
                "IntegrationHttpMethod": "POST",
                "Type": "AWS_PROXY",
                "Uri": {
                  "Fn::Join": [
                    "",
                    [
                      "arn:",
                      {
                        "Ref": "AWS::Partition"
                      },
                      ":apigateway:",
                      {
                        "Ref": "AWS::Region"
                      },
                      ":lambda:path/2015-03-31/functions/",
                      {
                        "Fn::GetAtt": [
                          "VehiclesLambdaFunction",
                          "Arn"
                        ]
                      },
                      "/invocations"
                    ]
                  ]
                }
              },
              "MethodResponses": []
            }
          },
          "ApiGatewayMethodVehiclesIdVarImagesPost": {
            "Type": "AWS::ApiGateway::Method",
            "Properties": {
              "HttpMethod": "POST",
              "RequestParameters": {},
              "ResourceId": {
                "Ref": "ApiGatewayResourceVehiclesIdVarImages"
              },
              "RestApiId": "o5wnzcigwf",
              "ApiKeyRequired": false,
              "AuthorizationType": "CUSTOM",
              "AuthorizerId": {
                "Ref": "CheapaDashprodDashvehiclesDashauthorizerApiGatewayAuthorizer"
              },
              "Integration": {
                "IntegrationHttpMethod": "POST",
                "Type": "AWS_PROXY",
                "Uri": {
                  "Fn::Join": [
                    "",
                    [
                      "arn:",
                      {
                        "Ref": "AWS::Partition"
                      },
                      ":apigateway:",
                      {
                        "Ref": "AWS::Region"
                      },
                      ":lambda:path/2015-03-31/functions/",
                      {
                        "Fn::GetAtt": [
                          "VehiclesLambdaFunction",
                          "Arn"
                        ]
                      },
                      "/invocations"
                    ]
                  ]
                }
              },
              "MethodResponses": []
            },
            "DependsOn": "CheapaDashprodDashvehiclesDashauthorizerApiGatewayAuthorizer"
          },
          "ApiGatewayMethodVehiclesIdVarImagesDelete": {
            "Type": "AWS::ApiGateway::Method",
            "Properties": {
              "HttpMethod": "DELETE",
              "RequestParameters": {},
              "ResourceId": {
                "Ref": "ApiGatewayResourceVehiclesIdVarImages"
              },
              "RestApiId": "o5wnzcigwf",
              "ApiKeyRequired": false,
              "AuthorizationType": "CUSTOM",
              "AuthorizerId": {
                "Ref": "CheapaDashprodDashvehiclesDashauthorizerApiGatewayAuthorizer"
              },
              "Integration": {
                "IntegrationHttpMethod": "POST",
                "Type": "AWS_PROXY",
                "Uri": {
                  "Fn::Join": [
                    "",
                    [
                      "arn:",
                      {
                        "Ref": "AWS::Partition"
                      },
                      ":apigateway:",
                      {
                        "Ref": "AWS::Region"
                      },
                      ":lambda:path/2015-03-31/functions/",
                      {
                        "Fn::GetAtt": [
                          "VehiclesLambdaFunction",
                          "Arn"
                        ]
                      },
                      "/invocations"
                    ]
                  ]
                }
              },
              "MethodResponses": []
            },
            "DependsOn": "CheapaDashprodDashvehiclesDashauthorizerApiGatewayAuthorizer"
          },
          "CheapaDashprodDashvehiclesDashauthorizerApiGatewayAuthorizer": {
            "Type": "AWS::ApiGateway::Authorizer",
            "Properties": {
              "AuthorizerResultTtlInSeconds": 300,
              "IdentitySource": "method.request.header.Authorization",
              "Name": "cheapa-prod-vehicles-authorizer",
              "RestApiId": "o5wnzcigwf",
              "AuthorizerUri": {
                "Fn::Join": [
                  "",
                  [
                    "arn:",
                    {
                      "Ref": "AWS::Partition"
                    },
                    ":apigateway:",
                    {
                      "Ref": "AWS::Region"
                    },
                    ":lambda:path/2015-03-31/functions/",
                    "arn:aws:lambda:ap-southeast-2:458483830777:function:cheapa-prod-accounts-authorizer",
                    "/invocations"
                  ]
                ]
              },
              "Type": "TOKEN"
            }
          },
          "ApiGatewayDeployment1571054890633": {
            "Type": "AWS::ApiGateway::Deployment",
            "Properties": {
              "RestApiId": "o5wnzcigwf",
              "StageName": "prod"
            },
            "DependsOn": [
              "ApiGatewayMethodVehiclesOptions",
              "ApiGatewayMethodVehiclesIdVarOptions",
              "ApiGatewayMethodVehiclesNearbyOptions",
              "ApiGatewayMethodVehiclesIdVarImagesOptions",
              "ApiGatewayMethodVehiclesGet",
              "ApiGatewayMethodVehiclesIdVarGet",
              "ApiGatewayMethodVehiclesPost",
              "ApiGatewayMethodVehiclesIdVarPut",
              "ApiGatewayMethodVehiclesIdVarDelete",
              "ApiGatewayMethodVehiclesNearbyGet",
              "ApiGatewayMethodVehiclesIdVarImagesPost",
              "ApiGatewayMethodVehiclesIdVarImagesDelete"
            ]
          },
          "VehiclesLambdaPermissionApiGateway": {
            "Type": "AWS::Lambda::Permission",
            "Properties": {
              "FunctionName": {
                "Fn::GetAtt": [
                  "VehiclesLambdaFunction",
                  "Arn"
                ]
              },
              "Action": "lambda:InvokeFunction",
              "Principal": "apigateway.amazonaws.com",
              "SourceArn": {
                "Fn::Join": [
                  "",
                  [
                    "arn:",
                    {
                      "Ref": "AWS::Partition"
                    },
                    ":execute-api:",
                    {
                      "Ref": "AWS::Region"
                    },
                    ":",
                    {
                      "Ref": "AWS::AccountId"
                    },
                    ":",
                    "o5wnzcigwf",
                    "/*/*"
                  ]
                ]
              }
            }
          },
          "CheapaDashprodDashvehiclesDashauthorizerLambdaPermissionApiGateway": {
            "Type": "AWS::Lambda::Permission",
            "Properties": {
              "FunctionName": "arn:aws:lambda:ap-southeast-2:458483830777:function:cheapa-prod-accounts-authorizer",
              "Action": "lambda:InvokeFunction",
              "Principal": "apigateway.amazonaws.com"
            }
          }
        },
        "Outputs": {
          "ServerlessDeploymentBucketName": {
            "Value": "cheapa-prod-deployment-bucket"
          },
          "ServiceEndpoint": {
            "Description": "URL of the service endpoint",
            "Value": {
              "Fn::Join": [
                "",
                [
                  "https://",
                  "o5wnzcigwf",
                  ".execute-api.",
                  {
                    "Ref": "AWS::Region"
                  },
                  ".",
                  {
                    "Ref": "AWS::URLSuffix"
                  },
                  "/prod"
                ]
              ]
            }
          }
        }
      },
      "vpc": {}
    },
    "custom": {
      "webpack": "../../webpack.config.js",
      "authorizerArn": "arn:aws:lambda:ap-southeast-2:458483830777:function:cheapa-prod-accounts-authorizer"
    },
    "plugins": [
      "serverless-webpack",
      "serverless-offline"
    ],
    "pluginsData": {},
    "functions": {
      "vehicles": {
        "name": "cheapa-prod-vehicles",
        "handler": "Controller.handler",
        "events": [
          {
            "http": {
              "path": "vehicles",
              "method": "get",
              "cors": {
                "maxAge": 86400,
                "methods": [
                  "OPTIONS",
                  "GET"
                ],
                "allowCredentials": false,
                "headers": [
                  "Content-Type",
                  "X-Amz-Date",
                  "Authorization",
                  "X-Api-Key",
                  "X-Amz-Security-Token",
                  "X-Amz-User-Agent"
                ]
              },
              "integration": "AWS_PROXY"
            }
          },
          {
            "http": {
              "path": "vehicles/{id}",
              "method": "get",
              "cors": {
                "maxAge": 86400,
                "methods": [
                  "OPTIONS",
                  "GET"
                ],
                "allowCredentials": false,
                "headers": [
                  "Content-Type",
                  "X-Amz-Date",
                  "Authorization",
                  "X-Api-Key",
                  "X-Amz-Security-Token",
                  "X-Amz-User-Agent"
                ]
              },
              "integration": "AWS_PROXY"
            }
          },
          {
            "http": {
              "path": "vehicles",
              "method": "post",
              "cors": {
                "maxAge": 86400,
                "methods": [
                  "OPTIONS",
                  "POST"
                ],
                "allowCredentials": false,
                "headers": [
                  "Content-Type",
                  "X-Amz-Date",
                  "Authorization",
                  "X-Api-Key",
                  "X-Amz-Security-Token",
                  "X-Amz-User-Agent"
                ]
              },
              "authorizer": {
                "name": "cheapa-prod-vehicles-authorizer",
                "arn": "arn:aws:lambda:ap-southeast-2:458483830777:function:cheapa-prod-accounts-authorizer",
                "resultTtlInSeconds": 300,
                "identitySource": "method.request.header.Authorization",
                "claims": []
              },
              "integration": "AWS_PROXY"
            }
          },
          {
            "http": {
              "path": "vehicles/{id}",
              "method": "put",
              "cors": {
                "maxAge": 86400,
                "methods": [
                  "OPTIONS",
                  "PUT"
                ],
                "allowCredentials": false,
                "headers": [
                  "Content-Type",
                  "X-Amz-Date",
                  "Authorization",
                  "X-Api-Key",
                  "X-Amz-Security-Token",
                  "X-Amz-User-Agent"
                ]
              },
              "authorizer": {
                "name": "cheapa-prod-vehicles-authorizer",
                "arn": "arn:aws:lambda:ap-southeast-2:458483830777:function:cheapa-prod-accounts-authorizer",
                "resultTtlInSeconds": 300,
                "identitySource": "method.request.header.Authorization",
                "claims": []
              },
              "integration": "AWS_PROXY"
            }
          },
          {
            "http": {
              "path": "vehicles/{id}",
              "method": "delete",
              "cors": {
                "maxAge": 86400,
                "methods": [
                  "OPTIONS",
                  "DELETE"
                ],
                "allowCredentials": false,
                "headers": [
                  "Content-Type",
                  "X-Amz-Date",
                  "Authorization",
                  "X-Api-Key",
                  "X-Amz-Security-Token",
                  "X-Amz-User-Agent"
                ]
              },
              "authorizer": {
                "name": "cheapa-prod-vehicles-authorizer",
                "arn": "arn:aws:lambda:ap-southeast-2:458483830777:function:cheapa-prod-accounts-authorizer",
                "resultTtlInSeconds": 300,
                "identitySource": "method.request.header.Authorization",
                "claims": []
              },
              "integration": "AWS_PROXY"
            }
          },
          {
            "http": {
              "path": "vehicles/nearby",
              "method": "get",
              "cors": {
                "maxAge": 86400,
                "methods": [
                  "OPTIONS",
                  "GET"
                ],
                "allowCredentials": false,
                "headers": [
                  "Content-Type",
                  "X-Amz-Date",
                  "Authorization",
                  "X-Api-Key",
                  "X-Amz-Security-Token",
                  "X-Amz-User-Agent"
                ]
              },
              "integration": "AWS_PROXY"
            }
          },
          {
            "http": {
              "path": "vehicles/{id}/images",
              "method": "post",
              "cors": {
                "maxAge": 86400,
                "methods": [
                  "OPTIONS",
                  "POST"
                ],
                "allowCredentials": false,
                "headers": [
                  "Content-Type",
                  "X-Amz-Date",
                  "Authorization",
                  "X-Api-Key",
                  "X-Amz-Security-Token",
                  "X-Amz-User-Agent"
                ]
              },
              "authorizer": {
                "name": "cheapa-prod-vehicles-authorizer",
                "arn": "arn:aws:lambda:ap-southeast-2:458483830777:function:cheapa-prod-accounts-authorizer",
                "resultTtlInSeconds": 300,
                "identitySource": "method.request.header.Authorization",
                "claims": []
              },
              "integration": "AWS_PROXY"
            }
          },
          {
            "http": {
              "path": "vehicles/{id}/images",
              "method": "delete",
              "cors": {
                "maxAge": 86400,
                "methods": [
                  "OPTIONS",
                  "DELETE"
                ],
                "allowCredentials": false,
                "headers": [
                  "Content-Type",
                  "X-Amz-Date",
                  "Authorization",
                  "X-Api-Key",
                  "X-Amz-Security-Token",
                  "X-Amz-User-Agent"
                ]
              },
              "authorizer": {
                "name": "cheapa-prod-vehicles-authorizer",
                "arn": "arn:aws:lambda:ap-southeast-2:458483830777:function:cheapa-prod-accounts-authorizer",
                "resultTtlInSeconds": 300,
                "identitySource": "method.request.header.Authorization",
                "claims": []
              },
              "integration": "AWS_PROXY"
            }
          }
        ],
        "package": {
          "artifact": ".serverless/vehicles.zip"
        },
        "memory": 256,
        "timeout": 30,
        "runtime": "nodejs8.10",
        "vpc": {}
      },
      "monitor": {
        "name": "cheapa-prod-vehicles-monitor",
        "handler": "monitor/index.handler",
        "timeout": 900,
        "events": [
          {
            "schedule": "rate(5 minutes)"
          }
        ],
        "package": {
          "artifact": ".serverless/monitor.zip"
        },
        "memory": 256,
        "runtime": "nodejs8.10",
        "vpc": {}
      },
      "distance": {
        "name": "cheapa-prod-vehicles-distance",
        "handler": "distance/index.handler",
        "timeout": 900,
        "events": [
          {
            "schedule": "rate(15 minutes)"
          }
        ],
        "package": {
          "artifact": ".serverless/distance.zip"
        },
        "memory": 256,
        "runtime": "nodejs8.10",
        "vpc": {}
      }
    },
    "serviceFilename": "serverless.yml",
    "layers": {}
  },
  "package": {
    "individually": true,
    "artifactDirectoryName": "serverless/cheapa-prod-vehicles/prod/1571054901717-2019-10-14T12:08:21.717Z",
    "artifact": ""
  }
}