{
  "AWSTemplateFormatVersion": "2010-09-09",
  "Description": "The AWS CloudFormation template for this Serverless application",
  "Resources": {
    "FunctionLogGroup": {
      "Type": "AWS::Logs::LogGroup",
      "Properties": {
        "LogGroupName": "cheapa-prod-certificateManager"
      }
    }
  },
  "Outputs": {
    "ServerlessDeploymentBucketName": {
      "Value": "cheapa-prod-deployment-bucket"
    },
    "certificateARN": {
      "Value": "arn:aws:acm:us-east-1:458483830777:certificate/0c8db893-e94e-4dc8-b4ae-031027e35f2f"
    }
  }
}