{
  "AWSTemplateFormatVersion": "2010-09-09",
  "Description": "The AWS CloudFormation template for this Serverless application",
  "Resources": {
    "FunctionLogGroup": {
      "Type": "AWS::Logs::LogGroup",
      "Properties": {
        "LogGroupName": "/aws/lambda/cheapa-prod-apiGateway-prod-function"
      }
    },
    "IamRoleLambdaExecution": {
      "Type": "AWS::IAM::Role",
      "Properties": {
        "AssumeRolePolicyDocument": {
          "Version": "2012-10-17",
          "Statement": [
            {
              "Effect": "Allow",
              "Principal": {
                "Service": [
                  "lambda.amazonaws.com"
                ]
              },
              "Action": [
                "sts:AssumeRole"
              ]
            }
          ]
        },
        "Policies": [
          {
            "PolicyName": {
              "Fn::Join": [
                "-",
                [
                  "prod",
                  "cheapa-prod-apiGateway",
                  "lambda"
                ]
              ]
            },
            "PolicyDocument": {
              "Version": "2012-10-17",
              "Statement": [
                {
                  "Effect": "Allow",
                  "Action": [
                    "logs:CreateLogStream"
                  ],
                  "Resource": [
                    {
                      "Fn::Sub": "arn:${AWS::Partition}:logs:${AWS::Region}:${AWS::AccountId}:log-group:/aws/lambda/cheapa-prod-apiGateway-prod*:*"
                    }
                  ]
                },
                {
                  "Effect": "Allow",
                  "Action": [
                    "logs:PutLogEvents"
                  ],
                  "Resource": [
                    {
                      "Fn::Sub": "arn:${AWS::Partition}:logs:${AWS::Region}:${AWS::AccountId}:log-group:/aws/lambda/cheapa-prod-apiGateway-prod*:*:*"
                    }
                  ]
                }
              ]
            }
          }
        ],
        "Path": "/",
        "RoleName": {
          "Fn::Join": [
            "-",
            [
              "cheapa-prod-apiGateway",
              "prod",
              {
                "Ref": "AWS::Region"
              },
              "lambdaRole"
            ]
          ]
        }
      }
    },
    "FunctionLambdaFunction": {
      "Type": "AWS::Lambda::Function",
      "Properties": {
        "Code": {
          "S3Bucket": "cheapa-prod-deployment-bucket",
          "S3Key": "serverless/cheapa-prod-apiGateway/prod/1562168304903-2019-07-03T15:38:24.903Z/cheapa-prod-apiGateway.zip"
        },
        "FunctionName": "cheapa-prod-apiGateway-prod-function",
        "Handler": "index.handler",
        "MemorySize": 1024,
        "Role": {
          "Fn::GetAtt": [
            "IamRoleLambdaExecution",
            "Arn"
          ]
        },
        "Runtime": "nodejs8.10",
        "Timeout": 6
      },
      "DependsOn": [
        "FunctionLogGroup",
        "IamRoleLambdaExecution"
      ]
    },
    "FunctionLambdaVersion168LcGPKgrXq4Okhh0EFVDqORZbj5mbPwqaqH8Pc": {
      "Type": "AWS::Lambda::Version",
      "DeletionPolicy": "Retain",
      "Properties": {
        "FunctionName": {
          "Ref": "FunctionLambdaFunction"
        },
        "CodeSha256": "qrbbaVOIi/zX8iPpdaMSG8/bX1ovA6bANEqJKbQ4M3c="
      }
    },
    "ApiGatewayRestApi": {
      "Type": "AWS::ApiGateway::RestApi",
      "Properties": {
        "Name": "cheapa-prod",
        "EndpointConfiguration": {
          "Types": [
            "EDGE"
          ]
        },
        "MinimumCompressionSize": 0
      }
    },
    "ApiGatewayResourceApigateway": {
      "Type": "AWS::ApiGateway::Resource",
      "Properties": {
        "ParentId": {
          "Fn::GetAtt": [
            "ApiGatewayRestApi",
            "RootResourceId"
          ]
        },
        "PathPart": "apigateway",
        "RestApiId": {
          "Ref": "ApiGatewayRestApi"
        }
      }
    },
    "ApiGatewayMethodApigatewayPost": {
      "Type": "AWS::ApiGateway::Method",
      "Properties": {
        "HttpMethod": "POST",
        "RequestParameters": {},
        "ResourceId": {
          "Ref": "ApiGatewayResourceApigateway"
        },
        "RestApiId": {
          "Ref": "ApiGatewayRestApi"
        },
        "ApiKeyRequired": false,
        "AuthorizationType": "NONE",
        "Integration": {
          "IntegrationHttpMethod": "POST",
          "Type": "AWS_PROXY",
          "Uri": {
            "Fn::Join": [
              "",
              [
                "arn:",
                {
                  "Ref": "AWS::Partition"
                },
                ":apigateway:",
                {
                  "Ref": "AWS::Region"
                },
                ":lambda:path/2015-03-31/functions/",
                {
                  "Fn::GetAtt": [
                    "FunctionLambdaFunction",
                    "Arn"
                  ]
                },
                "/invocations"
              ]
            ]
          }
        },
        "MethodResponses": []
      }
    },
    "ApiGatewayDeployment1562168303829": {
      "Type": "AWS::ApiGateway::Deployment",
      "Properties": {
        "RestApiId": {
          "Ref": "ApiGatewayRestApi"
        },
        "StageName": "prod"
      },
      "DependsOn": [
        "ApiGatewayMethodApigatewayPost"
      ]
    },
    "FunctionLambdaPermissionApiGateway": {
      "Type": "AWS::Lambda::Permission",
      "Properties": {
        "FunctionName": {
          "Fn::GetAtt": [
            "FunctionLambdaFunction",
            "Arn"
          ]
        },
        "Action": "lambda:InvokeFunction",
        "Principal": "apigateway.amazonaws.com",
        "SourceArn": {
          "Fn::Join": [
            "",
            [
              "arn:",
              {
                "Ref": "AWS::Partition"
              },
              ":execute-api:",
              {
                "Ref": "AWS::Region"
              },
              ":",
              {
                "Ref": "AWS::AccountId"
              },
              ":",
              {
                "Ref": "ApiGatewayRestApi"
              },
              "/*/*"
            ]
          ]
        }
      }
    },
    "domain": {
      "Type": "AWS::ApiGateway::DomainName",
      "Properties": {
        "CertificateArn": "arn:aws:acm:us-east-1:458483830777:certificate/0c8db893-e94e-4dc8-b4ae-031027e35f2f",
        "DomainName": "api.cheapacarrental.com"
      }
    },
    "basePathMapping": {
      "Type": "AWS::ApiGateway::BasePathMapping",
      "Properties": {
        "DomainName": "api.cheapacarrental.com",
        "Stage": "prod",
        "RestApiId": {
          "Ref": "ApiGatewayRestApi"
        }
      },
      "DependsOn": [
        "domain"
      ]
    },
    "gatewayResponse4xx": {
      "Type": "AWS::ApiGateway::GatewayResponse",
      "Properties": {
        "ResponseParameters": {
          "gatewayresponse.header.Access-Control-Allow-Origin": "'*'"
        },
        "ResponseType": "DEFAULT_4XX",
        "RestApiId": {
          "Ref": "ApiGatewayRestApi"
        }
      }
    },
    "gatewayResponse5xx": {
      "Type": "AWS::ApiGateway::GatewayResponse",
      "Properties": {
        "ResponseParameters": {
          "gatewayresponse.header.Access-Control-Allow-Origin": "'*'"
        },
        "ResponseType": "DEFAULT_5XX",
        "RestApiId": {
          "Ref": "ApiGatewayRestApi"
        }
      }
    }
  },
  "Outputs": {
    "ServerlessDeploymentBucketName": {
      "Value": "cheapa-prod-deployment-bucket"
    },
    "FunctionLambdaFunctionQualifiedArn": {
      "Description": "Current Lambda function version",
      "Value": {
        "Ref": "FunctionLambdaVersion168LcGPKgrXq4Okhh0EFVDqORZbj5mbPwqaqH8Pc"
      }
    },
    "ServiceEndpoint": {
      "Description": "URL of the service endpoint",
      "Value": {
        "Fn::Join": [
          "",
          [
            "https://",
            {
              "Ref": "ApiGatewayRestApi"
            },
            ".execute-api.",
            {
              "Ref": "AWS::Region"
            },
            ".",
            {
              "Ref": "AWS::URLSuffix"
            },
            "/prod"
          ]
        ]
      }
    },
    "domainID": {
      "Value": {
        "Ref": "domain"
      }
    },
    "domainDistributionDomainName": {
      "Value": {
        "Fn::GetAtt": [
          "domain",
          "DistributionDomainName"
        ]
      }
    },
    "apiGatewayRestApiID": {
      "Value": {
        "Ref": "ApiGatewayRestApi"
      }
    },
    "apiGatewayRestApiRootResourceID": {
      "Value": {
        "Fn::GetAtt": [
          "ApiGatewayRestApi",
          "RootResourceId"
        ]
      }
    }
  }
}