{
  "AWSTemplateFormatVersion": "2010-09-09",
  "Description": "The AWS CloudFormation template for this Serverless application",
  "Resources": {
    "VehicleCategoriesLogGroup": {
      "Type": "AWS::Logs::LogGroup",
      "Properties": {
        "LogGroupName": "/aws/lambda/cheapa-prod-vehicleCategories"
      }
    },
    "IamRoleLambdaExecution": {
      "Type": "AWS::IAM::Role",
      "Properties": {
        "AssumeRolePolicyDocument": {
          "Version": "2012-10-17",
          "Statement": [
            {
              "Effect": "Allow",
              "Principal": {
                "Service": [
                  "lambda.amazonaws.com"
                ]
              },
              "Action": [
                "sts:AssumeRole"
              ]
            }
          ]
        },
        "Policies": [
          {
            "PolicyName": {
              "Fn::Join": [
                "-",
                [
                  "prod",
                  "cheapa-prod-vehicleCategories",
                  "lambda"
                ]
              ]
            },
            "PolicyDocument": {
              "Version": "2012-10-17",
              "Statement": [
                {
                  "Effect": "Allow",
                  "Action": [
                    "logs:CreateLogStream"
                  ],
                  "Resource": [
                    {
                      "Fn::Sub": "arn:${AWS::Partition}:logs:${AWS::Region}:${AWS::AccountId}:log-group:/aws/lambda/cheapa-prod-vehicleCategories:*"
                    }
                  ]
                },
                {
                  "Effect": "Allow",
                  "Action": [
                    "logs:PutLogEvents"
                  ],
                  "Resource": [
                    {
                      "Fn::Sub": "arn:${AWS::Partition}:logs:${AWS::Region}:${AWS::AccountId}:log-group:/aws/lambda/cheapa-prod-vehicleCategories:*:*"
                    }
                  ]
                },
                {
                  "Effect": "Allow",
                  "Action": [
                    "lambda:*",
                    "dynamodb:*",
                    "cloudwatch:*",
                    "logs:*",
                    "xray:*",
                    "s3:*"
                  ],
                  "Resource": "*"
                }
              ]
            }
          }
        ],
        "Path": "/",
        "RoleName": {
          "Fn::Join": [
            "-",
            [
              "cheapa-prod-vehicleCategories",
              "prod",
              {
                "Ref": "AWS::Region"
              },
              "lambdaRole"
            ]
          ]
        }
      }
    },
    "VehicleCategoriesLambdaFunction": {
      "Type": "AWS::Lambda::Function",
      "Properties": {
        "Code": {
          "S3Bucket": "cheapa-prod-deployment-bucket",
          "S3Key": "serverless/cheapa-prod-vehicleCategories/prod/1571054861003-2019-10-14T12:07:41.003Z/vehicleCategories.zip"
        },
        "FunctionName": "cheapa-prod-vehicleCategories",
        "Handler": "Controller.handler",
        "MemorySize": 256,
        "Role": {
          "Fn::GetAtt": [
            "IamRoleLambdaExecution",
            "Arn"
          ]
        },
        "Runtime": "nodejs8.10",
        "Timeout": 6,
        "Environment": {
          "Variables": {
            "IMAGES_HOST": "https://d290l6hblrch8l.cloudfront.net",
            "IMAGE_UPLOAD_FUNCTION_ARN": "arn:aws:lambda:ap-southeast-2:458483830777:function:cheapa-prod-images-upload",
            "IMAGE_DELETE_FUNCTION_ARN": "arn:aws:lambda:ap-southeast-2:458483830777:function:cheapa-prod-images-delete"
          }
        }
      },
      "DependsOn": [
        "VehicleCategoriesLogGroup",
        "IamRoleLambdaExecution"
      ]
    },
    "ApiGatewayResourceVehiclecategories": {
      "Type": "AWS::ApiGateway::Resource",
      "Properties": {
        "ParentId": "kayiao6n5b",
        "PathPart": "vehicleCategories",
        "RestApiId": "o5wnzcigwf"
      }
    },
    "ApiGatewayResourceVehiclecategoriesIdVar": {
      "Type": "AWS::ApiGateway::Resource",
      "Properties": {
        "ParentId": {
          "Ref": "ApiGatewayResourceVehiclecategories"
        },
        "PathPart": "{id}",
        "RestApiId": "o5wnzcigwf"
      }
    },
    "ApiGatewayResourceVehiclecategoriesIdVarImages": {
      "Type": "AWS::ApiGateway::Resource",
      "Properties": {
        "ParentId": {
          "Ref": "ApiGatewayResourceVehiclecategoriesIdVar"
        },
        "PathPart": "images",
        "RestApiId": "o5wnzcigwf"
      }
    },
    "ApiGatewayMethodVehiclecategoriesOptions": {
      "Type": "AWS::ApiGateway::Method",
      "Properties": {
        "AuthorizationType": "NONE",
        "HttpMethod": "OPTIONS",
        "MethodResponses": [
          {
            "StatusCode": "200",
            "ResponseParameters": {
              "method.response.header.Access-Control-Allow-Origin": true,
              "method.response.header.Access-Control-Allow-Headers": true,
              "method.response.header.Access-Control-Allow-Methods": true,
              "method.response.header.Access-Control-Allow-Credentials": true,
              "method.response.header.Access-Control-Max-Age": true
            },
            "ResponseModels": {}
          }
        ],
        "RequestParameters": {},
        "Integration": {
          "Type": "MOCK",
          "RequestTemplates": {
            "application/json": "{statusCode:200}"
          },
          "ContentHandling": "CONVERT_TO_TEXT",
          "IntegrationResponses": [
            {
              "StatusCode": "200",
              "ResponseParameters": {
                "method.response.header.Access-Control-Allow-Origin": "'*'",
                "method.response.header.Access-Control-Allow-Headers": "'Content-Type,X-Amz-Date,Authorization,X-Api-Key,X-Amz-Security-Token,X-Amz-User-Agent'",
                "method.response.header.Access-Control-Allow-Methods": "'OPTIONS,POST,GET'",
                "method.response.header.Access-Control-Allow-Credentials": "'false'",
                "method.response.header.Access-Control-Max-Age": "'86400'"
              },
              "ResponseTemplates": {
                "application/json": ""
              }
            }
          ]
        },
        "ResourceId": {
          "Ref": "ApiGatewayResourceVehiclecategories"
        },
        "RestApiId": "o5wnzcigwf"
      }
    },
    "ApiGatewayMethodVehiclecategoriesIdVarOptions": {
      "Type": "AWS::ApiGateway::Method",
      "Properties": {
        "AuthorizationType": "NONE",
        "HttpMethod": "OPTIONS",
        "MethodResponses": [
          {
            "StatusCode": "200",
            "ResponseParameters": {
              "method.response.header.Access-Control-Allow-Origin": true,
              "method.response.header.Access-Control-Allow-Headers": true,
              "method.response.header.Access-Control-Allow-Methods": true,
              "method.response.header.Access-Control-Allow-Credentials": true,
              "method.response.header.Access-Control-Max-Age": true
            },
            "ResponseModels": {}
          }
        ],
        "RequestParameters": {},
        "Integration": {
          "Type": "MOCK",
          "RequestTemplates": {
            "application/json": "{statusCode:200}"
          },
          "ContentHandling": "CONVERT_TO_TEXT",
          "IntegrationResponses": [
            {
              "StatusCode": "200",
              "ResponseParameters": {
                "method.response.header.Access-Control-Allow-Origin": "'*'",
                "method.response.header.Access-Control-Allow-Headers": "'Content-Type,X-Amz-Date,Authorization,X-Api-Key,X-Amz-Security-Token,X-Amz-User-Agent'",
                "method.response.header.Access-Control-Allow-Methods": "'OPTIONS,DELETE,PUT,GET'",
                "method.response.header.Access-Control-Allow-Credentials": "'false'",
                "method.response.header.Access-Control-Max-Age": "'86400'"
              },
              "ResponseTemplates": {
                "application/json": ""
              }
            }
          ]
        },
        "ResourceId": {
          "Ref": "ApiGatewayResourceVehiclecategoriesIdVar"
        },
        "RestApiId": "o5wnzcigwf"
      }
    },
    "ApiGatewayMethodVehiclecategoriesIdVarImagesOptions": {
      "Type": "AWS::ApiGateway::Method",
      "Properties": {
        "AuthorizationType": "NONE",
        "HttpMethod": "OPTIONS",
        "MethodResponses": [
          {
            "StatusCode": "200",
            "ResponseParameters": {
              "method.response.header.Access-Control-Allow-Origin": true,
              "method.response.header.Access-Control-Allow-Headers": true,
              "method.response.header.Access-Control-Allow-Methods": true,
              "method.response.header.Access-Control-Allow-Credentials": true,
              "method.response.header.Access-Control-Max-Age": true
            },
            "ResponseModels": {}
          }
        ],
        "RequestParameters": {},
        "Integration": {
          "Type": "MOCK",
          "RequestTemplates": {
            "application/json": "{statusCode:200}"
          },
          "ContentHandling": "CONVERT_TO_TEXT",
          "IntegrationResponses": [
            {
              "StatusCode": "200",
              "ResponseParameters": {
                "method.response.header.Access-Control-Allow-Origin": "'*'",
                "method.response.header.Access-Control-Allow-Headers": "'Content-Type,X-Amz-Date,Authorization,X-Api-Key,X-Amz-Security-Token,X-Amz-User-Agent'",
                "method.response.header.Access-Control-Allow-Methods": "'OPTIONS,DELETE,POST'",
                "method.response.header.Access-Control-Allow-Credentials": "'false'",
                "method.response.header.Access-Control-Max-Age": "'86400'"
              },
              "ResponseTemplates": {
                "application/json": ""
              }
            }
          ]
        },
        "ResourceId": {
          "Ref": "ApiGatewayResourceVehiclecategoriesIdVarImages"
        },
        "RestApiId": "o5wnzcigwf"
      }
    },
    "ApiGatewayMethodVehiclecategoriesGet": {
      "Type": "AWS::ApiGateway::Method",
      "Properties": {
        "HttpMethod": "GET",
        "RequestParameters": {},
        "ResourceId": {
          "Ref": "ApiGatewayResourceVehiclecategories"
        },
        "RestApiId": "o5wnzcigwf",
        "ApiKeyRequired": false,
        "AuthorizationType": "NONE",
        "Integration": {
          "IntegrationHttpMethod": "POST",
          "Type": "AWS_PROXY",
          "Uri": {
            "Fn::Join": [
              "",
              [
                "arn:",
                {
                  "Ref": "AWS::Partition"
                },
                ":apigateway:",
                {
                  "Ref": "AWS::Region"
                },
                ":lambda:path/2015-03-31/functions/",
                {
                  "Fn::GetAtt": [
                    "VehicleCategoriesLambdaFunction",
                    "Arn"
                  ]
                },
                "/invocations"
              ]
            ]
          }
        },
        "MethodResponses": []
      }
    },
    "ApiGatewayMethodVehiclecategoriesIdVarGet": {
      "Type": "AWS::ApiGateway::Method",
      "Properties": {
        "HttpMethod": "GET",
        "RequestParameters": {},
        "ResourceId": {
          "Ref": "ApiGatewayResourceVehiclecategoriesIdVar"
        },
        "RestApiId": "o5wnzcigwf",
        "ApiKeyRequired": false,
        "AuthorizationType": "CUSTOM",
        "AuthorizerId": {
          "Ref": "CheapaDashprodDashvehicleCategoriesDashauthorizerApiGatewayAuthorizer"
        },
        "Integration": {
          "IntegrationHttpMethod": "POST",
          "Type": "AWS_PROXY",
          "Uri": {
            "Fn::Join": [
              "",
              [
                "arn:",
                {
                  "Ref": "AWS::Partition"
                },
                ":apigateway:",
                {
                  "Ref": "AWS::Region"
                },
                ":lambda:path/2015-03-31/functions/",
                {
                  "Fn::GetAtt": [
                    "VehicleCategoriesLambdaFunction",
                    "Arn"
                  ]
                },
                "/invocations"
              ]
            ]
          }
        },
        "MethodResponses": []
      },
      "DependsOn": "CheapaDashprodDashvehicleCategoriesDashauthorizerApiGatewayAuthorizer"
    },
    "ApiGatewayMethodVehiclecategoriesPost": {
      "Type": "AWS::ApiGateway::Method",
      "Properties": {
        "HttpMethod": "POST",
        "RequestParameters": {},
        "ResourceId": {
          "Ref": "ApiGatewayResourceVehiclecategories"
        },
        "RestApiId": "o5wnzcigwf",
        "ApiKeyRequired": false,
        "AuthorizationType": "CUSTOM",
        "AuthorizerId": {
          "Ref": "CheapaDashprodDashvehicleCategoriesDashauthorizerApiGatewayAuthorizer"
        },
        "Integration": {
          "IntegrationHttpMethod": "POST",
          "Type": "AWS_PROXY",
          "Uri": {
            "Fn::Join": [
              "",
              [
                "arn:",
                {
                  "Ref": "AWS::Partition"
                },
                ":apigateway:",
                {
                  "Ref": "AWS::Region"
                },
                ":lambda:path/2015-03-31/functions/",
                {
                  "Fn::GetAtt": [
                    "VehicleCategoriesLambdaFunction",
                    "Arn"
                  ]
                },
                "/invocations"
              ]
            ]
          }
        },
        "MethodResponses": []
      },
      "DependsOn": "CheapaDashprodDashvehicleCategoriesDashauthorizerApiGatewayAuthorizer"
    },
    "ApiGatewayMethodVehiclecategoriesIdVarPut": {
      "Type": "AWS::ApiGateway::Method",
      "Properties": {
        "HttpMethod": "PUT",
        "RequestParameters": {},
        "ResourceId": {
          "Ref": "ApiGatewayResourceVehiclecategoriesIdVar"
        },
        "RestApiId": "o5wnzcigwf",
        "ApiKeyRequired": false,
        "AuthorizationType": "CUSTOM",
        "AuthorizerId": {
          "Ref": "CheapaDashprodDashvehicleCategoriesDashauthorizerApiGatewayAuthorizer"
        },
        "Integration": {
          "IntegrationHttpMethod": "POST",
          "Type": "AWS_PROXY",
          "Uri": {
            "Fn::Join": [
              "",
              [
                "arn:",
                {
                  "Ref": "AWS::Partition"
                },
                ":apigateway:",
                {
                  "Ref": "AWS::Region"
                },
                ":lambda:path/2015-03-31/functions/",
                {
                  "Fn::GetAtt": [
                    "VehicleCategoriesLambdaFunction",
                    "Arn"
                  ]
                },
                "/invocations"
              ]
            ]
          }
        },
        "MethodResponses": []
      },
      "DependsOn": "CheapaDashprodDashvehicleCategoriesDashauthorizerApiGatewayAuthorizer"
    },
    "ApiGatewayMethodVehiclecategoriesIdVarDelete": {
      "Type": "AWS::ApiGateway::Method",
      "Properties": {
        "HttpMethod": "DELETE",
        "RequestParameters": {},
        "ResourceId": {
          "Ref": "ApiGatewayResourceVehiclecategoriesIdVar"
        },
        "RestApiId": "o5wnzcigwf",
        "ApiKeyRequired": false,
        "AuthorizationType": "CUSTOM",
        "AuthorizerId": {
          "Ref": "CheapaDashprodDashvehicleCategoriesDashauthorizerApiGatewayAuthorizer"
        },
        "Integration": {
          "IntegrationHttpMethod": "POST",
          "Type": "AWS_PROXY",
          "Uri": {
            "Fn::Join": [
              "",
              [
                "arn:",
                {
                  "Ref": "AWS::Partition"
                },
                ":apigateway:",
                {
                  "Ref": "AWS::Region"
                },
                ":lambda:path/2015-03-31/functions/",
                {
                  "Fn::GetAtt": [
                    "VehicleCategoriesLambdaFunction",
                    "Arn"
                  ]
                },
                "/invocations"
              ]
            ]
          }
        },
        "MethodResponses": []
      },
      "DependsOn": "CheapaDashprodDashvehicleCategoriesDashauthorizerApiGatewayAuthorizer"
    },
    "ApiGatewayMethodVehiclecategoriesIdVarImagesPost": {
      "Type": "AWS::ApiGateway::Method",
      "Properties": {
        "HttpMethod": "POST",
        "RequestParameters": {},
        "ResourceId": {
          "Ref": "ApiGatewayResourceVehiclecategoriesIdVarImages"
        },
        "RestApiId": "o5wnzcigwf",
        "ApiKeyRequired": false,
        "AuthorizationType": "CUSTOM",
        "AuthorizerId": {
          "Ref": "CheapaDashprodDashvehicleCategoriesDashauthorizerApiGatewayAuthorizer"
        },
        "Integration": {
          "IntegrationHttpMethod": "POST",
          "Type": "AWS_PROXY",
          "Uri": {
            "Fn::Join": [
              "",
              [
                "arn:",
                {
                  "Ref": "AWS::Partition"
                },
                ":apigateway:",
                {
                  "Ref": "AWS::Region"
                },
                ":lambda:path/2015-03-31/functions/",
                {
                  "Fn::GetAtt": [
                    "VehicleCategoriesLambdaFunction",
                    "Arn"
                  ]
                },
                "/invocations"
              ]
            ]
          }
        },
        "MethodResponses": []
      },
      "DependsOn": "CheapaDashprodDashvehicleCategoriesDashauthorizerApiGatewayAuthorizer"
    },
    "ApiGatewayMethodVehiclecategoriesIdVarImagesDelete": {
      "Type": "AWS::ApiGateway::Method",
      "Properties": {
        "HttpMethod": "DELETE",
        "RequestParameters": {},
        "ResourceId": {
          "Ref": "ApiGatewayResourceVehiclecategoriesIdVarImages"
        },
        "RestApiId": "o5wnzcigwf",
        "ApiKeyRequired": false,
        "AuthorizationType": "CUSTOM",
        "AuthorizerId": {
          "Ref": "CheapaDashprodDashvehicleCategoriesDashauthorizerApiGatewayAuthorizer"
        },
        "Integration": {
          "IntegrationHttpMethod": "POST",
          "Type": "AWS_PROXY",
          "Uri": {
            "Fn::Join": [
              "",
              [
                "arn:",
                {
                  "Ref": "AWS::Partition"
                },
                ":apigateway:",
                {
                  "Ref": "AWS::Region"
                },
                ":lambda:path/2015-03-31/functions/",
                {
                  "Fn::GetAtt": [
                    "VehicleCategoriesLambdaFunction",
                    "Arn"
                  ]
                },
                "/invocations"
              ]
            ]
          }
        },
        "MethodResponses": []
      },
      "DependsOn": "CheapaDashprodDashvehicleCategoriesDashauthorizerApiGatewayAuthorizer"
    },
    "CheapaDashprodDashvehicleCategoriesDashauthorizerApiGatewayAuthorizer": {
      "Type": "AWS::ApiGateway::Authorizer",
      "Properties": {
        "AuthorizerResultTtlInSeconds": 300,
        "IdentitySource": "method.request.header.Authorization",
        "Name": "cheapa-prod-vehicleCategories-authorizer",
        "RestApiId": "o5wnzcigwf",
        "AuthorizerUri": {
          "Fn::Join": [
            "",
            [
              "arn:",
              {
                "Ref": "AWS::Partition"
              },
              ":apigateway:",
              {
                "Ref": "AWS::Region"
              },
              ":lambda:path/2015-03-31/functions/",
              "arn:aws:lambda:ap-southeast-2:458483830777:function:cheapa-prod-accounts-authorizer",
              "/invocations"
            ]
          ]
        },
        "Type": "TOKEN"
      }
    },
    "ApiGatewayDeployment1571054853809": {
      "Type": "AWS::ApiGateway::Deployment",
      "Properties": {
        "RestApiId": "o5wnzcigwf",
        "StageName": "prod"
      },
      "DependsOn": [
        "ApiGatewayMethodVehiclecategoriesOptions",
        "ApiGatewayMethodVehiclecategoriesIdVarOptions",
        "ApiGatewayMethodVehiclecategoriesIdVarImagesOptions",
        "ApiGatewayMethodVehiclecategoriesGet",
        "ApiGatewayMethodVehiclecategoriesIdVarGet",
        "ApiGatewayMethodVehiclecategoriesPost",
        "ApiGatewayMethodVehiclecategoriesIdVarPut",
        "ApiGatewayMethodVehiclecategoriesIdVarDelete",
        "ApiGatewayMethodVehiclecategoriesIdVarImagesPost",
        "ApiGatewayMethodVehiclecategoriesIdVarImagesDelete"
      ]
    },
    "VehicleCategoriesLambdaPermissionApiGateway": {
      "Type": "AWS::Lambda::Permission",
      "Properties": {
        "FunctionName": {
          "Fn::GetAtt": [
            "VehicleCategoriesLambdaFunction",
            "Arn"
          ]
        },
        "Action": "lambda:InvokeFunction",
        "Principal": "apigateway.amazonaws.com",
        "SourceArn": {
          "Fn::Join": [
            "",
            [
              "arn:",
              {
                "Ref": "AWS::Partition"
              },
              ":execute-api:",
              {
                "Ref": "AWS::Region"
              },
              ":",
              {
                "Ref": "AWS::AccountId"
              },
              ":",
              "o5wnzcigwf",
              "/*/*"
            ]
          ]
        }
      }
    },
    "CheapaDashprodDashvehicleCategoriesDashauthorizerLambdaPermissionApiGateway": {
      "Type": "AWS::Lambda::Permission",
      "Properties": {
        "FunctionName": "arn:aws:lambda:ap-southeast-2:458483830777:function:cheapa-prod-accounts-authorizer",
        "Action": "lambda:InvokeFunction",
        "Principal": "apigateway.amazonaws.com"
      }
    }
  },
  "Outputs": {
    "ServerlessDeploymentBucketName": {
      "Value": "cheapa-prod-deployment-bucket"
    },
    "ServiceEndpoint": {
      "Description": "URL of the service endpoint",
      "Value": {
        "Fn::Join": [
          "",
          [
            "https://",
            "o5wnzcigwf",
            ".execute-api.",
            {
              "Ref": "AWS::Region"
            },
            ".",
            {
              "Ref": "AWS::URLSuffix"
            },
            "/prod"
          ]
        ]
      }
    }
  }
}