{
  "AWSTemplateFormatVersion": "2010-09-09",
  "Description": "The AWS CloudFormation template for this Serverless application",
  "Resources": {
    "CustomMessageLogGroup": {
      "Type": "AWS::Logs::LogGroup",
      "Properties": {
        "LogGroupName": "/aws/lambda/cheapa-prod-cognito-customMessage"
      }
    },
    "IamRoleLambdaExecution": {
      "Type": "AWS::IAM::Role",
      "Properties": {
        "AssumeRolePolicyDocument": {
          "Version": "2012-10-17",
          "Statement": [
            {
              "Effect": "Allow",
              "Principal": {
                "Service": [
                  "lambda.amazonaws.com"
                ]
              },
              "Action": [
                "sts:AssumeRole"
              ]
            }
          ]
        },
        "Policies": [
          {
            "PolicyName": {
              "Fn::Join": [
                "-",
                [
                  "prod",
                  "cheapa-prod-cognito",
                  "lambda"
                ]
              ]
            },
            "PolicyDocument": {
              "Version": "2012-10-17",
              "Statement": [
                {
                  "Effect": "Allow",
                  "Action": [
                    "logs:CreateLogStream"
                  ],
                  "Resource": [
                    {
                      "Fn::Sub": "arn:${AWS::Partition}:logs:${AWS::Region}:${AWS::AccountId}:log-group:/aws/lambda/cheapa-prod-cognito-prod*:*"
                    },
                    {
                      "Fn::Sub": "arn:${AWS::Partition}:logs:${AWS::Region}:${AWS::AccountId}:log-group:/aws/lambda/cheapa-prod-cognito-customMessage:*"
                    }
                  ]
                },
                {
                  "Effect": "Allow",
                  "Action": [
                    "logs:PutLogEvents"
                  ],
                  "Resource": [
                    {
                      "Fn::Sub": "arn:${AWS::Partition}:logs:${AWS::Region}:${AWS::AccountId}:log-group:/aws/lambda/cheapa-prod-cognito-prod*:*:*"
                    },
                    {
                      "Fn::Sub": "arn:${AWS::Partition}:logs:${AWS::Region}:${AWS::AccountId}:log-group:/aws/lambda/cheapa-prod-cognito-customMessage:*:*"
                    }
                  ]
                },
                {
                  "Effect": "Allow",
                  "Action": [
                    "lambda:*",
                    "dynamodb:*",
                    "cloudwatch:*",
                    "logs:*",
                    "cognito-idp:*"
                  ],
                  "Resource": "*"
                }
              ]
            }
          }
        ],
        "Path": "/",
        "RoleName": {
          "Fn::Join": [
            "-",
            [
              "cheapa-prod-cognito",
              "prod",
              {
                "Ref": "AWS::Region"
              },
              "lambdaRole"
            ]
          ]
        }
      }
    },
    "CustomMessageLambdaFunction": {
      "Type": "AWS::Lambda::Function",
      "Properties": {
        "Code": {
          "S3Bucket": "cheapa-prod-deployment-bucket",
          "S3Key": "serverless/cheapa-prod-cognito/prod/1562168311736-2019-07-03T15:38:31.736Z/customMessage.zip"
        },
        "FunctionName": "cheapa-prod-cognito-customMessage",
        "Handler": "customMessage/index.handler",
        "MemorySize": 256,
        "Role": {
          "Fn::GetAtt": [
            "IamRoleLambdaExecution",
            "Arn"
          ]
        },
        "Runtime": "nodejs8.10",
        "Timeout": 10,
        "Environment": {
          "Variables": {
            "SES_RENDER_TEMPLATE_FUNCTION_ARN": "arn:aws:lambda:us-east-1:458483830777:function:cheapa-prod-ses-renderTemplate",
            "CREATE_USER_EMAIL_CONFIRM_URL": "https://platform.cheapacarrental.com/accounts/newPassword;id={username};token={####}",
            "CREATE_USER_TEMPLATE_NAME": "createUser",
            "FORGOT_PASSWORD_EMAIL_CONFIRM_URL": "https://platform.cheapacarrental.com/accounts/confirmPassword;token={####}",
            "FORGOT_PASSWORD_TEMPLATE_NAME": "forgotPassword"
          }
        }
      },
      "DependsOn": [
        "CustomMessageLogGroup",
        "IamRoleLambdaExecution"
      ]
    },
    "userPool": {
      "Type": "AWS::Cognito::UserPool",
      "Properties": {
        "UserPoolName": "cheapa-prod-cognito-cognitoUserPool",
        "AdminCreateUserConfig": {
          "AllowAdminCreateUserOnly": false,
          "UnusedAccountValidityDays": 15
        },
        "AliasAttributes": [
          "email",
          "phone_number",
          "preferred_username"
        ],
        "AutoVerifiedAttributes": [
          "email"
        ],
        "EmailConfiguration": {
          "SourceArn": {
            "Fn::Join": [
              "",
              [
                "arn:aws:ses:us-east-1:",
                {
                  "Ref": "AWS::AccountId"
                },
                ":identity/",
                "info@cheapacarrental.com"
              ]
            ]
          }
        },
        "Policies": {
          "PasswordPolicy": {
            "MinimumLength": 6,
            "RequireLowercase": false,
            "RequireNumbers": false,
            "RequireSymbols": false,
            "RequireUppercase": false
          }
        },
        "LambdaConfig": {
          "CustomMessage": {
            "Fn::GetAtt": [
              "CustomMessageLambdaFunction",
              "Arn"
            ]
          }
        }
      }
    },
    "userPoolClient": {
      "Type": "AWS::Cognito::UserPoolClient",
      "Properties": {
        "ClientName": "cheapa-prod-cognito-cognitoUserPoolClient",
        "ExplicitAuthFlows": [
          "ADMIN_NO_SRP_AUTH"
        ],
        "GenerateSecret": false,
        "RefreshTokenValidity": 30,
        "UserPoolId": {
          "Ref": "userPool"
        }
      }
    },
    "userPoolGroupAdmin": {
      "Type": "AWS::Cognito::UserPoolGroup",
      "Properties": {
        "GroupName": "admin",
        "Precedence": 0,
        "UserPoolId": {
          "Ref": "userPool"
        }
      }
    },
    "userPoolGroupMember": {
      "Type": "AWS::Cognito::UserPoolGroup",
      "Properties": {
        "GroupName": "member",
        "Precedence": 1,
        "UserPoolId": {
          "Ref": "userPool"
        }
      }
    },
    "userPoolGroupPartner": {
      "Type": "AWS::Cognito::UserPoolGroup",
      "Properties": {
        "GroupName": "partner",
        "Precedence": 2,
        "UserPoolId": {
          "Ref": "userPool"
        }
      }
    },
    "bucket": {
      "Type": "AWS::S3::Bucket",
      "Properties": {
        "BucketName": "cheapa-prod-cognito-bucket"
      }
    },
    "cognitoCustomMessageLambaPermission": {
      "Type": "AWS::Lambda::Permission",
      "Properties": {
        "Action": "lambda:InvokeFunction",
        "FunctionName": {
          "Fn::GetAtt": [
            "CustomMessageLambdaFunction",
            "Arn"
          ]
        },
        "Principal": "cognito-idp.amazonaws.com",
        "SourceArn": {
          "Fn::GetAtt": [
            "userPool",
            "Arn"
          ]
        }
      }
    }
  },
  "Outputs": {
    "ServerlessDeploymentBucketName": {
      "Value": "cheapa-prod-deployment-bucket"
    },
    "userPoolId": {
      "Value": {
        "Ref": "userPool"
      }
    },
    "userPoolProviderName": {
      "Value": {
        "Fn::GetAtt": [
          "userPool",
          "ProviderName"
        ]
      }
    },
    "userPoolProviderURL": {
      "Value": {
        "Fn::GetAtt": [
          "userPool",
          "ProviderURL"
        ]
      }
    },
    "userPoolArn": {
      "Value": {
        "Fn::GetAtt": [
          "userPool",
          "Arn"
        ]
      }
    },
    "userPoolClientId": {
      "Value": {
        "Ref": "userPoolClient"
      }
    },
    "bucketName": {
      "Value": {
        "Ref": "bucket"
      }
    },
    "bucketArn": {
      "Value": {
        "Fn::GetAtt": [
          "bucket",
          "Arn"
        ]
      }
    }
  }
}