{
  "AWSTemplateFormatVersion": "2010-09-09",
  "Description": "The AWS CloudFormation template for this Serverless application",
  "Resources": {
    "PaymentLogGroup": {
      "Type": "AWS::Logs::LogGroup",
      "Properties": {
        "LogGroupName": "/aws/lambda/cheapa-prod-payment"
      }
    },
    "IamRoleLambdaExecution": {
      "Type": "AWS::IAM::Role",
      "Properties": {
        "AssumeRolePolicyDocument": {
          "Version": "2012-10-17",
          "Statement": [
            {
              "Effect": "Allow",
              "Principal": {
                "Service": [
                  "lambda.amazonaws.com"
                ]
              },
              "Action": [
                "sts:AssumeRole"
              ]
            }
          ]
        },
        "Policies": [
          {
            "PolicyName": {
              "Fn::Join": [
                "-",
                [
                  "prod",
                  "cheapa-prod-payment",
                  "lambda"
                ]
              ]
            },
            "PolicyDocument": {
              "Version": "2012-10-17",
              "Statement": [
                {
                  "Effect": "Allow",
                  "Action": [
                    "logs:CreateLogStream"
                  ],
                  "Resource": [
                    {
                      "Fn::Sub": "arn:${AWS::Partition}:logs:${AWS::Region}:${AWS::AccountId}:log-group:/aws/lambda/cheapa-prod-payment-prod*:*"
                    },
                    {
                      "Fn::Sub": "arn:${AWS::Partition}:logs:${AWS::Region}:${AWS::AccountId}:log-group:/aws/lambda/cheapa-prod-payment:*"
                    }
                  ]
                },
                {
                  "Effect": "Allow",
                  "Action": [
                    "logs:PutLogEvents"
                  ],
                  "Resource": [
                    {
                      "Fn::Sub": "arn:${AWS::Partition}:logs:${AWS::Region}:${AWS::AccountId}:log-group:/aws/lambda/cheapa-prod-payment-prod*:*:*"
                    },
                    {
                      "Fn::Sub": "arn:${AWS::Partition}:logs:${AWS::Region}:${AWS::AccountId}:log-group:/aws/lambda/cheapa-prod-payment:*:*"
                    }
                  ]
                },
                {
                  "Effect": "Allow",
                  "Action": [
                    "lambda:*",
                    "dynamodb:*",
                    "cloudwatch:*",
                    "logs:*",
                    "xray:*"
                  ],
                  "Resource": "*"
                }
              ]
            }
          }
        ],
        "Path": "/",
        "RoleName": {
          "Fn::Join": [
            "-",
            [
              "cheapa-prod-payment",
              "prod",
              {
                "Ref": "AWS::Region"
              },
              "lambdaRole"
            ]
          ]
        }
      }
    },
    "PaymentLambdaFunction": {
      "Type": "AWS::Lambda::Function",
      "Properties": {
        "Code": {
          "S3Bucket": "cheapa-prod-deployment-bucket",
          "S3Key": "serverless/cheapa-prod-payment/prod/1562168324990-2019-07-03T15:38:44.990Z/payment.zip"
        },
        "FunctionName": "cheapa-prod-payment",
        "Handler": "Controller.handler",
        "MemorySize": 256,
        "Role": {
          "Fn::GetAtt": [
            "IamRoleLambdaExecution",
            "Arn"
          ]
        },
        "Runtime": "nodejs8.10",
        "Timeout": 10,
        "Environment": {
          "Variables": {
            "STRIPE_SECRET_KEY": "sk_live_mzcH9ZdIz3HFh3t2wcbRqsPq"
          }
        }
      },
      "DependsOn": [
        "PaymentLogGroup",
        "IamRoleLambdaExecution"
      ]
    }
  },
  "Outputs": {
    "ServerlessDeploymentBucketName": {
      "Value": "cheapa-prod-deployment-bucket"
    },
    "paymentArn": {
      "Value": {
        "Fn::GetAtt": [
          "PaymentLambdaFunction",
          "Arn"
        ]
      }
    }
  }
}