{
  "service": {
    "service": "cheapa-prod-ec2",
    "serviceObject": {
      "name": "cheapa-prod-ec2"
    },
    "provider": {
      "stage": "prod",
      "variableSyntax": "\\${([ ~:a-zA-Z0-9._@'\",\\-\\/\\(\\)*]+?)}",
      "name": "aws",
      "region": "ap-southeast-2",
      "profile": "cheapa-prod",
      "deploymentBucket": "cheapa-prod-deployment-bucket",
      "runtime": "nodejs8.10",
      "memorySize": 256,
      "timeout": 10,
      "versionFunctions": false,
      "moduleName": "ec2",
      "iamRoleStatements": [
        {
          "Effect": "Allow",
          "Action": [
            "lambda:*",
            "dynamodb:*",
            "cloudwatch:*",
            "logs:*",
            "cognito-idp:*",
            "ec2:*"
          ],
          "Resource": "*"
        }
      ],
      "remoteFunctionData": null,
      "compiledCloudFormationTemplate": {
        "AWSTemplateFormatVersion": "2010-09-09",
        "Description": "The AWS CloudFormation template for this Serverless application",
        "Resources": {
          "tcpServer": {
            "Type": "AWS::EC2::Instance",
            "Properties": {
              "ImageId": "ami-423bec20",
              "InstanceType": "t2.micro",
              "KeyName": "tcpServerKey",
              "SecurityGroups": [
                {
                  "Ref": "tcpSecurityGroup"
                }
              ]
            }
          },
          "tcpSecurityGroup": {
            "Type": "AWS::EC2::SecurityGroup",
            "Properties": {
              "GroupName": "tcpServerSecurityGroup",
              "GroupDescription": "Port 22",
              "SecurityGroupIngress": [
                {
                  "IpProtocol": "tcp",
                  "FromPort": 22,
                  "ToPort": 22,
                  "CidrIp": "0.0.0.0/0"
                },
                {
                  "IpProtocol": "tcp",
                  "FromPort": 21,
                  "ToPort": 21,
                  "CidrIp": "0.0.0.0/0"
                },
                {
                  "IpProtocol": "tcp",
                  "FromPort": 8801,
                  "ToPort": 8801,
                  "CidrIp": "0.0.0.0/0"
                },
                {
                  "IpProtocol": "tcp",
                  "FromPort": 8802,
                  "ToPort": 8802,
                  "CidrIp": "0.0.0.0/0"
                },
                {
                  "IpProtocol": "tcp",
                  "FromPort": 8803,
                  "ToPort": 8803,
                  "CidrIp": "0.0.0.0/0"
                },
                {
                  "IpProtocol": "tcp",
                  "FromPort": 8804,
                  "ToPort": 8804,
                  "CidrIp": "0.0.0.0/0"
                }
              ]
            }
          },
          "tcpElasticIp": {
            "Type": "AWS::EC2::EIP",
            "Properties": {
              "InstanceId": {
                "Ref": "tcpServer"
              }
            }
          }
        },
        "Outputs": {
          "ServerlessDeploymentBucketName": {
            "Value": "cheapa-prod-deployment-bucket"
          },
          "tcpElasticIpAddress": {
            "Value": {
              "Ref": "tcpElasticIp"
            }
          }
        }
      }
    },
    "pluginsData": {},
    "functions": {},
    "resources": {
      "Resources": {
        "tcpServer": {
          "Type": "AWS::EC2::Instance",
          "Properties": {
            "ImageId": "ami-423bec20",
            "InstanceType": "t2.micro",
            "KeyName": "tcpServerKey",
            "SecurityGroups": [
              {
                "Ref": "tcpSecurityGroup"
              }
            ]
          }
        },
        "tcpSecurityGroup": {
          "Type": "AWS::EC2::SecurityGroup",
          "Properties": {
            "GroupName": "tcpServerSecurityGroup",
            "GroupDescription": "Port 22",
            "SecurityGroupIngress": [
              {
                "IpProtocol": "tcp",
                "FromPort": 22,
                "ToPort": 22,
                "CidrIp": "0.0.0.0/0"
              },
              {
                "IpProtocol": "tcp",
                "FromPort": 21,
                "ToPort": 21,
                "CidrIp": "0.0.0.0/0"
              },
              {
                "IpProtocol": "tcp",
                "FromPort": 8801,
                "ToPort": 8801,
                "CidrIp": "0.0.0.0/0"
              },
              {
                "IpProtocol": "tcp",
                "FromPort": 8802,
                "ToPort": 8802,
                "CidrIp": "0.0.0.0/0"
              },
              {
                "IpProtocol": "tcp",
                "FromPort": 8803,
                "ToPort": 8803,
                "CidrIp": "0.0.0.0/0"
              },
              {
                "IpProtocol": "tcp",
                "FromPort": 8804,
                "ToPort": 8804,
                "CidrIp": "0.0.0.0/0"
              }
            ]
          }
        },
        "tcpElasticIp": {
          "Type": "AWS::EC2::EIP",
          "Properties": {
            "InstanceId": {
              "Ref": "tcpServer"
            }
          }
        }
      },
      "Outputs": {
        "tcpElasticIpAddress": {
          "Value": {
            "Ref": "tcpElasticIp"
          }
        }
      }
    },
    "serviceFilename": "serverless.yml",
    "layers": {}
  },
  "package": {
    "artifactDirectoryName": "serverless/cheapa-prod-ec2/prod/1562168316261-2019-07-03T15:38:36.261Z",
    "artifact": ""
  }
}