{
  "AWSTemplateFormatVersion": "2010-09-09",
  "Description": "The AWS CloudFormation template for this Serverless application",
  "Resources": {
    "repository": {
      "Type": "AWS::CodeCommit::Repository",
      "Properties": {
        "RepositoryName": "cheapa",
        "Triggers": [
          {
            "DestinationArn": {
              "Ref": "repositoryEventTopic"
            },
            "Events": [
              "all"
            ],
            "Name": "codeBuildTopic"
          }
        ]
      }
    },
    "repositoryEventTopic": {
      "Type": "AWS::SNS::Topic",
      "Properties": {
        "TopicName": "cheapa-dev-codeCommit-codeCommit-topic"
      }
    }
  },
  "Outputs": {
    "ServerlessDeploymentBucketName": {
      "Value": "cheapa-dev-code-bucket"
    },
    "repositoryRef": {
      "Value": {
        "Ref": "repository"
      }
    },
    "repositoryArn": {
      "Value": {
        "Fn::GetAtt": [
          "repository",
          "Arn"
        ]
      }
    },
    "repositoryCloneUrlHttp": {
      "Value": {
        "Fn::GetAtt": [
          "repository",
          "CloneUrlHttp"
        ]
      }
    },
    "repositoryEventTopicArn": {
      "Value": {
        "Ref": "repositoryEventTopic"
      }
    }
  }
}