{
  "service": {
    "service": "cheapa-dev-codeCommit",
    "serviceObject": {
      "name": "cheapa-dev-codeCommit"
    },
    "provider": {
      "stage": "dev",
      "region": "us-east-1",
      "variableSyntax": "\\${([ ~:a-zA-Z0-9._'\",\\-\\/\\(\\)]+?)}",
      "name": "aws",
      "profile": "grant",
      "deploymentBucket": "cheapa-dev-code-bucket",
      "runtime": "nodejs6.10",
      "memorySize": 256,
      "timeout": 10,
      "versionFunctions": false,
      "moduleName": "codeCommit",
      "iamRoleStatements": [
        {
          "Effect": "Allow",
          "Action": [
            "sts:*",
            "iam:*",
            "cloudwatch:*",
            "logs:*"
          ],
          "Resource": "*"
        }
      ],
      "remoteFunctionData": null,
      "compiledCloudFormationTemplate": {
        "AWSTemplateFormatVersion": "2010-09-09",
        "Description": "The AWS CloudFormation template for this Serverless application",
        "Resources": {
          "repository": {
            "Type": "AWS::CodeCommit::Repository",
            "Properties": {
              "RepositoryName": "cheapa",
              "Triggers": [
                {
                  "DestinationArn": {
                    "Ref": "repositoryEventTopic"
                  },
                  "Events": [
                    "all"
                  ],
                  "Name": "codeBuildTopic"
                }
              ]
            }
          },
          "repositoryEventTopic": {
            "Type": "AWS::SNS::Topic",
            "Properties": {
              "TopicName": "cheapa-dev-codeCommit-codeCommit-topic"
            }
          }
        },
        "Outputs": {
          "ServerlessDeploymentBucketName": {
            "Value": "cheapa-dev-code-bucket"
          },
          "repositoryRef": {
            "Value": {
              "Ref": "repository"
            }
          },
          "repositoryArn": {
            "Value": {
              "Fn::GetAtt": [
                "repository",
                "Arn"
              ]
            }
          },
          "repositoryCloneUrlHttp": {
            "Value": {
              "Fn::GetAtt": [
                "repository",
                "CloneUrlHttp"
              ]
            }
          },
          "repositoryEventTopicArn": {
            "Value": {
              "Ref": "repositoryEventTopic"
            }
          }
        }
      }
    },
    "functions": {},
    "resources": {
      "Resources": {
        "repository": {
          "Type": "AWS::CodeCommit::Repository",
          "Properties": {
            "RepositoryName": "cheapa",
            "Triggers": [
              {
                "DestinationArn": {
                  "Ref": "repositoryEventTopic"
                },
                "Events": [
                  "all"
                ],
                "Name": "codeBuildTopic"
              }
            ]
          }
        },
        "repositoryEventTopic": {
          "Type": "AWS::SNS::Topic",
          "Properties": {
            "TopicName": "cheapa-dev-codeCommit-codeCommit-topic"
          }
        }
      },
      "Outputs": {
        "repositoryRef": {
          "Value": {
            "Ref": "repository"
          }
        },
        "repositoryArn": {
          "Value": {
            "Fn::GetAtt": [
              "repository",
              "Arn"
            ]
          }
        },
        "repositoryCloneUrlHttp": {
          "Value": {
            "Fn::GetAtt": [
              "repository",
              "CloneUrlHttp"
            ]
          }
        },
        "repositoryEventTopicArn": {
          "Value": {
            "Ref": "repositoryEventTopic"
          }
        }
      }
    }
  },
  "package": {
    "artifactDirectoryName": "serverless/cheapa-dev-codeCommit/dev/1521979617810-2018-03-25T12:06:57.810Z",
    "artifact": ""
  }
}